{"type":"FeatureCollection", "features": [
{"type":"Feature","geometry":{"type":"Polygon","coordinates":[[[31.29,-22.4],[32.37,-21.33],[32.48,-20.71],[33.01,-19.87],[32.72,-19],[32.99,-18.36],[32.95,-16.71],[31.94,-16.43],[31.24,-16.02],[30.44,-16],[30.4,-15.64],[29.73,-15.64],[28.91,-15.99],[28.76,-16.53],[27.93,-16.9],[27.02,-17.96],[26.78,-18.04],[25.26,-17.79],[26.17,-19.54],[27.22,-20.15],[27.28,-20.48],[27.7,-20.53],[27.67,-21.06],[28.05,-21.57],[29.04,-21.81],[29.36,-22.19],[29.66,-22.15],[31.29,-22.4]]]},"properties":{"ISO_A3":"ZWE","ADM0_A3":"ZWE","ISO_A2":"ZW","NAME":"Zimbabwe","NAME_LONG":"Zimbabwe","NAME_IT":"Zimbabwe","ADMIN":"Zimbabwe"}},
{"type":"Feature","geometry":{"type":"Polygon","coordinates":[[[30.4,-15.64],[30.23,-14.99],[33.2,-14.01],[32.67,-13.61],[32.97,-13.22],[33.02,-12.63],[33.4,-12.49],[33.23,-11.53],[33.26,-10.89],[33.66,-10.59],[33.2,-9.63],[32.92,-9.41],[31.94,-9.05],[30.75,-8.19],[28.9,-8.49],[28.4,-9.22],[28.63,-9.83],[28.64,-10.67],[28.36,-11.48],[29.06,-12.35],[29.43,-12.43],[29.8,-12.16],[29.8,-13.39],[29.01,-13.37],[28.36,-12.48],[27.53,-12.2],[27.2,-11.61],[26.95,-11.9],[26.03,-11.89],[25.35,-11.62],[25.32,-11.24],[24.34,-11.37],[23.97,-10.87],[23.96,-12.99],[21.98,-13],[21.98,-15.96],[22.15,-16.6],[23.38,-17.64],[24.27,-17.48],[24.93,-17.54],[25.26,-17.79],[26.78,-18.04],[27.02,-17.96],[27.93,-16.9],[28.76,-16.53],[28.91,-15.99],[29.73,-15.64],[30.4,-15.64]]]},"properties":{"ISO_A3":"ZMB","ADM0_A3":"ZMB","ISO_A2":"ZM","NAME":"Zambia","NAME_LONG":"Zambia","NAME_IT":"Zambia","ADMIN":"Zambia"}},
{"type":"Feature","geometry":{"type":"MultiPolygon","coordinates":[[[[53.09,16.65],[51.98,19],[49.04,18.58],[48.17,18.16],[47.44,17.11],[46.98,16.95],[46.68,17.27],[45.15,17.43],[43.19,17.36],[43.17,16.69],[42.8,16.37],[42.72,15.65],[43.48,12.84],[43.93,12.62],[45.04,12.82],[45.66,13.34],[46.79,13.47],[47.99,14.05],[48.67,14.05],[49.35,14.64],[51.6,15.34],[52.22,15.66],[52.33,16.29],[53.09,16.65]]],[[[53.76,12.64],[53.6,12.34],[54.51,12.55],[53.76,12.64]]]]},"properties":{"ISO_A3":"YEM","ADM0_A3":"YEM","ISO_A2":"YE","NAME":"Yemen","NAME_LONG":"Yemen","NAME_IT":"Yemen","ADMIN":"Yemen"}},
{"type":"Feature","geometry":{"type":"Polygon","coordinates":[[[107.97,21.51],[107.35,21.61],[106.66,21.98],[106.54,22.4],[106.78,22.78],[105.84,22.92],[105.28,23.35],[104.8,22.91],[103.92,22.54],[103.3,22.76],[103.01,22.45],[102.52,22.74],[102.13,22.38],[102.7,21.66],[103.1,20.89],[103.64,20.7],[104.05,20.94],[104.58,20.65],[104.93,20.02],[104.55,19.61],[104.03,19.68],[103.9,19.34],[104.72,18.8],[106.5,16.95],[106.7,16.46],[107.4,16.04],[107.17,15.8],[107.65,15.26],[107.52,14.71],[107.33,14.13],[107.61,13.44],[107.56,12.54],[107.39,12.26],[106.01,11.76],[105.86,11.29],[106.16,10.79],[105.76,10.99],[105.02,10.89],[104.85,10.53],[104.43,10.41],[105.09,9.9],[104.85,9.61],[104.77,8.6],[105.11,8.63],[105.5,9.09],[106.38,9.56],[106.79,10.12],[106.46,10.3],[107.26,10.4],[108.99,11.34],[109.2,11.72],[109.22,12.65],[109.44,12.6],[109.3,13.86],[108.82,15.38],[108.03,16.33],[107.18,16.9],[106.48,17.72],[106.5,17.95],[105.89,18.5],[105.62,18.97],[105.98,19.94],[106.52,20.29],[106.68,21],[107.16,20.95],[107.97,21.51]]]},"properties":{"ISO_A3":"VNM","ADM0_A3":"VNM","ISO_A2":"VN","NAME":"Vietnam","NAME_LONG":"Vietnam","NAME_IT":"Vietnam","ADMIN":"Vietnam"}},
{"type":"Feature","geometry":{"type":"Polygon","coordinates":[[[-60.02,8.55],[-60.8,8.59],[-61.3,8.41],[-60.79,9.36],[-61.59,9.89],[-62.32,9.78],[-62.91,10.53],[-61.88,10.74],[-62.7,10.75],[-63.86,10.56],[-64.85,10.1],[-65.85,10.26],[-66.25,10.63],[-68.14,10.49],[-68.4,11.16],[-68.83,11.43],[-69.63,11.48],[-70,12.18],[-70.29,11.89],[-69.89,11.44],[-71.47,10.96],[-71.39,10.26],[-71.05,9.71],[-71.3,9.13],[-71.69,9.07],[-72.11,9.82],[-71.6,10.73],[-71.96,11.57],[-71.32,11.86],[-71.96,11.67],[-72.87,10.49],[-73.01,9.79],[-73.36,9.23],[-72.8,9.11],[-72.42,8.38],[-72.44,7.45],[-71.89,6.99],[-70.66,7.08],[-70.1,6.94],[-69.44,6.13],[-67.86,6.29],[-67.44,6.03],[-67.82,5.27],[-67.86,4.51],[-67.66,3.86],[-67.31,3.42],[-67.83,2.89],[-67.21,2.39],[-66.88,1.22],[-66.3,0.75],[-65.68,0.98],[-65.47,0.69],[-65.1,1.11],[-64.11,1.62],[-64.04,1.9],[-63.39,2.41],[-64.05,2.53],[-64.22,3.59],[-64.82,4.23],[-64.02,3.93],[-63.29,3.92],[-62.97,3.59],[-62.71,4.02],[-61.55,4.29],[-61,4.54],[-60.6,4.99],[-60.74,5.2],[-61.38,5.91],[-61.15,6.69],[-60.72,6.77],[-60.33,7.13],[-60.72,7.5],[-59.83,8.31],[-60.02,8.55]]]},"properties":{"ISO_A3":"VEN","ADM0_A3":"VEN","ISO_A2":"VE","NAME":"Venezuela","NAME_LONG":"Venezuela","NAME_IT":"Venezuela","ADMIN":"Venezuela"}},
{"type":"Feature","geometry":{"type":"Polygon","coordinates":[[[12.44,41.9],[12.43,41.91],[12.43,41.9],[12.44,41.9]]]},"properties":{"ISO_A3":"VAT","ADM0_A3":"VAT","ISO_A2":"VA","NAME":"Vatican","NAME_LONG":"Vatican","NAME_IT":"Città del Vaticano","ADMIN":"Vatican"}},
{"type":"Feature","geometry":{"type":"MultiPolygon","coordinates":[[[[166.75,-14.83],[166.53,-14.85],[166.76,-15.63],[167.2,-15.49],[167.08,-14.94],[166.75,-14.83]]],[[[167.41,-16.1],[167.45,-16.55],[167.84,-16.45],[167.41,-16.1]]]]},"properties":{"ISO_A3":"VUT","ADM0_A3":"VUT","ISO_A2":"VU","NAME":"Vanuatu","NAME_LONG":"Vanuatu","NAME_IT":"Vanuatu","ADMIN":"Vanuatu"}},
{"type":"Feature","geometry":{"type":"Polygon","coordinates":[[[70.95,42.25],[69.06,41.37],[68.6,40.66],[68.05,40.81],[67.94,41.2],[66.71,41.18],[66.5,41.99],[66.01,42],[66.1,42.99],[65.8,42.88],[64.91,43.71],[64.44,43.55],[63.21,43.63],[61.99,43.49],[61.01,44.39],[58.56,45.56],[55.98,44.99],[55.98,41.32],[57.02,41.26],[56.96,41.86],[57.81,42.19],[58.59,42.78],[59.45,42.3],[59.86,42.3],[60.19,41.83],[60.09,41.4],[60.45,41.22],[61.9,41.09],[62.65,39.86],[64.16,38.95],[65.61,38.24],[66.63,37.93],[66.52,37.35],[67.76,37.17],[68.29,38.03],[68.1,38.96],[67.35,39.24],[67.72,39.62],[68.46,39.54],[68.93,40.14],[69.27,40.2],[69.41,40.8],[69.71,40.66],[70.44,41.02],[70.75,40.74],[70.38,40.45],[70.96,40.24],[71.69,40.15],[73.11,40.79],[71.88,41.2],[71.66,41.54],[71.41,41.14],[70.18,41.57],[70.95,42.25]]]},"properties":{"ISO_A3":"UZB","ADM0_A3":"UZB","ISO_A2":"UZ","NAME":"Uzbekistan","NAME_LONG":"Uzbekistan","NAME_IT":"Uzbekistan","ADMIN":"Uzbekistan"}},
{"type":"Feature","geometry":{"type":"Polygon","coordinates":[[[-53.37,-33.74],[-53.53,-33.17],[-53.13,-32.74],[-53.76,-32.06],[-54.59,-31.49],[-55.25,-31.23],[-55.56,-30.88],[-56,-31.08],[-56.18,-30.63],[-56.83,-30.11],[-57.61,-30.19],[-58.19,-31.92],[-58.2,-32.47],[-58.08,-32.89],[-58.36,-33.18],[-58.4,-33.91],[-57.83,-34.48],[-57.17,-34.45],[-56.12,-34.91],[-55.67,-34.78],[-54.9,-34.93],[-53.79,-34.38],[-53.37,-33.74]]]},"properties":{"ISO_A3":"URY","ADM0_A3":"URY","ISO_A2":"UY","NAME":"Uruguay","NAME_LONG":"Uruguay","NAME_IT":"Uruguay","ADMIN":"Uruguay"}},
{"type":"Feature","geometry":{"type":"Polygon","coordinates":[[[158.31,6.81],[158.29,6.95],[158.13,6.94],[158.31,6.81]]]},"properties":{"ISO_A3":"FSM","ADM0_A3":"FSM","ISO_A2":"FM","NAME":"Micronesia","NAME_LONG":"Federated States of Micronesia","NAME_IT":"Stati Federati di Micronesia","ADMIN":"Federated States of Micronesia"}},
{"type":"Feature","geometry":{"type":"Polygon","coordinates":[[[171.1,7.14],[171.1,7.11],[171.26,7.07],[171.1,7.14]]]},"properties":{"ISO_A3":"MHL","ADM0_A3":"MHL","ISO_A2":"MH","NAME":"Marshall Is.","NAME_LONG":"Marshall Islands","NAME_IT":"Isole Marshall","ADMIN":"Marshall Islands"}},
{"type":"Feature","geometry":{"type":"Polygon","coordinates":[[[145.75,15.13],[145.82,15.27],[145.71,15.22],[145.75,15.13]]]},"properties":{"ISO_A3":"MNP","ADM0_A3":"MNP","ISO_A2":"MP","NAME":"N. Mariana Is.","NAME_LONG":"Northern Mariana Islands","NAME_IT":"Isole Marianne Settentrionali","ADMIN":"Northern Mariana Islands"}},
{"type":"Feature","geometry":{"type":"Polygon","coordinates":[[[-64.77,17.79],[-64.89,17.7],[-64.69,17.71],[-64.77,17.79]]]},"properties":{"ISO_A3":"VIR","ADM0_A3":"VIR","ISO_A2":"VI","NAME":"U.S. Virgin Is.","NAME_LONG":"United States Virgin Islands","NAME_IT":"Isole Vergini americane","ADMIN":"United States Virgin Islands"}},
{"type":"Feature","geometry":{"type":"Polygon","coordinates":[[[144.74,13.26],[144.94,13.57],[144.65,13.43],[144.74,13.26]]]},"properties":{"ISO_A3":"GUM","ADM0_A3":"GUM","ISO_A2":"GU","NAME":"Guam","NAME_LONG":"Guam","NAME_IT":"Guam","ADMIN":"Guam"}},
{"type":"Feature","geometry":{"type":"Polygon","coordinates":[[[-170.73,-14.35],[-170.69,-14.26],[-170.82,-14.31],[-170.73,-14.35]]]},"properties":{"ISO_A3":"ASM","ADM0_A3":"ASM","ISO_A2":"AS","NAME":"American Samoa","NAME_LONG":"American Samoa","NAME_IT":"Samoa Americane","ADMIN":"American Samoa"}},
{"type":"Feature","geometry":{"type":"Polygon","coordinates":[[[-66.13,18.44],[-67.16,18.5],[-67.2,17.99],[-65.97,17.97],[-65.63,18.38],[-66.13,18.44]]]},"properties":{"ISO_A3":"PRI","ADM0_A3":"PRI","ISO_A2":"PR","NAME":"Puerto Rico","NAME_LONG":"Puerto Rico","NAME_IT":"Porto Rico","ADMIN":"Puerto Rico"}},
{"type":"Feature","geometry":{"type":"MultiPolygon","coordinates":[[[[-171.46,63.64],[-171.79,63.42],[-170.53,63.38],[-169.78,63.09],[-168.85,63.17],[-170.43,63.7],[-171.46,63.64]]],[[[-166.14,60.38],[-167.44,60.21],[-166.11,59.78],[-165.59,59.91],[-166.14,60.38]]],[[[-152.9,57.82],[-154.54,57.56],[-154.71,57.34],[-153.76,56.86],[-152.22,57.58],[-152.9,57.82]]],[[[-130.03,55.89],[-130.1,56.11],[-131.58,56.6],[-133.82,58.71],[-134.94,59.29],[-135.48,59.79],[-136.32,59.6],[-136.58,59.15],[-136.81,59.15],[-137.44,58.9],[-137.59,59.23],[-139.19,60.08],[-141,60.3],[-141,62.35],[-141,64.98],[-141,66.73],[-141,69.65],[-143.22,70.12],[-145.2,70.01],[-147.71,70.22],[-149.27,70.5],[-151.22,70.42],[-153.23,70.93],[-154.2,70.8],[-156.47,71.41],[-158,70.85],[-159.31,70.88],[-161,70.3],[-162.07,70.16],[-163.16,69.39],[-164.3,68.94],[-166.21,68.89],[-166.79,68.36],[-164.13,67.61],[-163.72,67.2],[-161.62,66.98],[-161.82,66.05],[-163.7,66.08],[-163.73,66.62],[-165.45,66.41],[-168.09,65.66],[-166.2,65.31],[-166.93,65.16],[-166.14,64.58],[-164.9,64.46],[-163.71,64.59],[-162.81,64.37],[-161.19,64.92],[-161.41,64.53],[-160.78,63.82],[-161.1,63.56],[-162.28,63.53],[-163.36,63.05],[-164.11,63.26],[-166.17,61.65],[-165.18,60.97],[-163.42,60.76],[-163.73,60.59],[-164.81,60.89],[-165.35,60.54],[-163.91,59.81],[-162.57,59.99],[-162.42,60.28],[-161.83,59.59],[-162.02,59.28],[-161.36,58.67],[-160.36,59.05],[-158.79,58.44],[-158.78,58.9],[-158.02,58.64],[-157.14,58.88],[-157.74,57.55],[-158.99,56.86],[-160.3,56.31],[-160.53,55.97],[-161.22,56.02],[-162.16,55.72],[-163.34,54.84],[-161.48,55.4],[-160.5,55.54],[-158.79,55.99],[-158.54,56.34],[-156.63,57.01],[-156.48,57.33],[-155.01,58.02],[-154.25,58.16],[-153.33,58.88],[-154.18,59.16],[-151.73,60.91],[-150.61,61.3],[-150.44,61.02],[-151.32,60.74],[-151.85,59.78],[-151.74,59.19],[-149.6,59.77],[-149.4,60.11],[-148.43,59.99],[-147.96,60.48],[-148.56,60.8],[-146.58,61.13],[-145.9,60.48],[-144.15,60.02],[-142.95,60.1],[-140.22,59.73],[-138.35,59.09],[-136.58,58.25],[-136.06,58.45],[-136.88,58.88],[-136.99,59.03],[-136.15,58.79],[-135.87,58.39],[-135.05,58.31],[-135.5,59.2],[-134.66,58.38],[-134.21,58.23],[-133.55,57.7],[-133.47,57.17],[-132.91,57.05],[-131.84,56.16],[-132.22,55.72],[-131.14,56],[-130.58,54.77],[-130.21,55.03],[-130.03,55.89]]],[[[-163.48,54.98],[-164.53,54.88],[-164.82,54.42],[-163.36,54.74],[-163.48,54.98]]],[[[-130.98,55.49],[-131.62,55.83],[-131.76,55.17],[-130.98,55.49]]],[[[-133.37,57],[-133.98,57.01],[-133.6,56.46],[-132.95,56.88],[-133.37,57]]],[[[-134.97,57.35],[-135.79,57.32],[-135.2,57.03],[-134.65,56.23],[-134.97,57.35]]],[[[-134.68,58.16],[-134.59,57.09],[-133.93,57.34],[-134.24,58.14],[-134.68,58.16]]],[[[-135.73,58.24],[-136.57,57.97],[-135.69,57.42],[-134.93,57.48],[-135,58.05],[-135.73,58.24]]],[[[-133.57,56.34],[-133.68,55.79],[-133.03,55.59],[-132.78,55.05],[-132.13,54.71],[-131.98,55.21],[-133.2,56.32],[-133.57,56.34]]],[[[-133.99,56.84],[-134.37,56.84],[-134.19,56.08],[-133.99,56.84]]],[[[-152.42,58.36],[-153.38,58.09],[-152.11,58.16],[-152.42,58.36]]],[[[-167.96,53.35],[-168.36,53.46],[-169.07,52.83],[-167.96,53.35]]],[[[-155.58,19.01],[-154.8,19.52],[-155.2,19.99],[-155.83,20.28],[-156.05,19.75],[-155.88,19.07],[-155.58,19.01]]],[[[-156.49,20.93],[-156.44,20.62],[-155.99,20.76],[-156.49,20.93]]],[[[-74.71,45],[-75.18,44.9],[-76.46,44.06],[-76.82,43.63],[-78.72,43.62],[-79.17,43.47],[-78.92,42.91],[-80.25,42.37],[-81.28,42.21],[-82.44,41.67],[-83.14,41.98],[-82.55,42.62],[-82.14,43.57],[-82.55,45.35],[-83.98,46.08],[-84.19,46.55],[-84.56,46.46],[-84.88,46.9],[-88.38,48.3],[-89.46,48],[-90.84,48.2],[-91.52,48.06],[-93,48.61],[-93.71,48.53],[-94.62,48.74],[-94.85,49.3],[-95.16,48.99],[-99.24,48.99],[-103.5,48.99],[-106.48,48.99],[-109.47,48.99],[-112.03,48.99],[-115.44,48.99],[-118,48.99],[-122.79,48.99],[-122.24,48.01],[-122.58,47.29],[-122.78,48.14],[-123.98,48.17],[-124.71,48.38],[-124.11,47.04],[-123.91,46.18],[-124.15,43.69],[-124.54,42.81],[-124.07,41.38],[-124.37,40.49],[-123.88,39.86],[-123.7,38.91],[-122.52,37.83],[-122.39,37.21],[-121.88,36.94],[-121.88,36.33],[-120.63,35.08],[-120.48,34.47],[-119.61,34.42],[-119.14,34.11],[-118.51,34.02],[-117.47,33.3],[-117.13,32.53],[-114.72,32.72],[-114.84,32.51],[-111.04,31.32],[-108.21,31.33],[-108.21,31.78],[-106.45,31.77],[-104.98,30.65],[-104.5,29.68],[-103.26,29],[-102.34,29.86],[-101.57,29.81],[-100.66,29.07],[-100.3,28.33],[-99.51,27.55],[-99.11,26.45],[-97.36,25.87],[-97.15,25.96],[-97.55,26.97],[-97.03,28.09],[-96.42,28.46],[-96.64,28.71],[-95.85,28.64],[-95.27,28.96],[-94.78,29.55],[-93.95,29.81],[-92.26,29.56],[-91.89,29.84],[-91.29,29.29],[-90.21,29.1],[-89.88,29.46],[-89.35,29.07],[-89.02,29.2],[-89.72,29.62],[-89.35,29.82],[-89.74,30.17],[-90.18,30.03],[-90.23,30.38],[-89.59,30.17],[-88.91,30.42],[-87.79,30.29],[-86.45,30.4],[-85.76,30.17],[-85.32,29.68],[-84.04,30.1],[-83.69,29.93],[-82.65,28.89],[-82.84,27.85],[-82.29,26.87],[-82.07,26.89],[-81.72,25.98],[-81.36,25.83],[-81.11,25.14],[-80.37,25.33],[-80.04,26.57],[-80.75,28.38],[-81.25,29.79],[-81.52,30.87],[-81.11,31.88],[-80.47,32.42],[-79.23,33.19],[-78.58,33.87],[-77.93,33.94],[-77.13,34.71],[-76.52,34.78],[-76.51,35.27],[-75.77,35.9],[-76.73,35.96],[-75.88,36.18],[-76,36.91],[-76.61,37.32],[-76.26,37.36],[-76.45,38.17],[-76.42,39.23],[-76.24,39.19],[-75.66,37.95],[-76,37.26],[-75.04,38.5],[-75.52,39.49],[-74.79,39],[-74.18,39.73],[-73.96,40.33],[-74.23,40.61],[-72.92,41.29],[-71.52,41.38],[-69.95,41.68],[-70.51,41.8],[-71.05,42.33],[-70.83,42.83],[-69.97,43.86],[-67.19,44.68],[-67.12,45.17],[-67.78,45.7],[-67.81,47.08],[-68.31,47.35],[-68.83,47.2],[-69.24,47.46],[-70.01,46.71],[-70.3,45.91],[-70.9,45.26],[-71.52,45.01],[-74.71,45]]],[[[-72.51,40.99],[-73.57,40.92],[-74.03,40.64],[-73.19,40.65],[-72.51,40.99]]]]},"properties":{"ISO_A3":"USA","ADM0_A3":"USA","ISO_A2":"US","NAME":"United States of America","NAME_LONG":"United States","NAME_IT":"Stati Uniti d'America","ADMIN":"United States of America"}},
{"type":"Feature","geometry":{"type":"Polygon","coordinates":[[[-37.1,-54.07],[-37.5,-54.16],[-35.8,-54.76],[-36.33,-54.25],[-37.1,-54.07]]]},"properties":{"ISO_A3":"SGS","ADM0_A3":"SGS","ISO_A2":"GS","NAME":"S. Geo. and the Is.","NAME_LONG":"South Georgia and the Islands","NAME_IT":"Georgia del Sud e isole Sandwich meridionali","ADMIN":"South Georgia and the Islands"}},
{"type":"Feature","geometry":{"type":"Polygon","coordinates":[[[72.49,-7.38],[72.49,-7.26],[72.43,-7.44],[72.49,-7.38]]]},"properties":{"ISO_A3":"IOT","ADM0_A3":"IOT","ISO_A2":"IO","NAME":"Br. Indian Ocean Ter.","NAME_LONG":"British Indian Ocean Territory","NAME_IT":"Territorio britannico dell'oceano Indiano","ADMIN":"British Indian Ocean Territory"}},
{"type":"Feature","geometry":{"type":"Polygon","coordinates":[[[-5.69,-16],[-5.66,-15.91],[-5.78,-15.96],[-5.69,-16]]]},"properties":{"ISO_A3":"SHN","ADM0_A3":"SHN","ISO_A2":"SH","NAME":"Saint Helena","NAME_LONG":"Saint Helena","NAME_IT":"Sant'Elena","ADMIN":"Saint Helena"}},
{"type":"Feature","geometry":{"type":"Polygon","coordinates":[[[-128.29,-24.4],[-128.3,-24.33],[-128.35,-24.34],[-128.29,-24.4]]]},"properties":{"ISO_A3":"PCN","ADM0_A3":"PCN","ISO_A2":"PN","NAME":"Pitcairn Is.","NAME_LONG":"Pitcairn Islands","NAME_IT":"Isole Pitcairn","ADMIN":"Pitcairn Islands"}},
{"type":"Feature","geometry":{"type":"Polygon","coordinates":[[[-63,18.22],[-63.03,18.27],[-63.16,18.17],[-63,18.22]]]},"properties":{"ISO_A3":"AIA","ADM0_A3":"AIA","ISO_A2":"AI","NAME":"Anguilla","NAME_LONG":"Anguilla","NAME_IT":"Anguilla","ADMIN":"Anguilla"}},
{"type":"Feature","geometry":{"type":"MultiPolygon","coordinates":[[[[-58.85,-51.27],[-59.2,-52.02],[-57.84,-51.71],[-57.98,-51.38],[-58.85,-51.27]]],[[[-60.29,-51.46],[-60.24,-51.77],[-60.96,-52.06],[-59.92,-51.97],[-59.27,-51.43],[-60.29,-51.46]]]]},"properties":{"ISO_A3":"FLK","ADM0_A3":"FLK","ISO_A2":"FK","NAME":"Falkland Is.","NAME_LONG":"Falkland Islands / Malvinas","NAME_IT":"Isole Falkland","ADMIN":"Falkland Islands"}},
{"type":"Feature","geometry":{"type":"Polygon","coordinates":[[[-81.37,19.35],[-81.4,19.28],[-81.11,19.31],[-81.37,19.35]]]},"properties":{"ISO_A3":"CYM","ADM0_A3":"CYM","ISO_A2":"KY","NAME":"Cayman Is.","NAME_LONG":"Cayman Islands","NAME_IT":"Isole Cayman","ADMIN":"Cayman Islands"}},
{"type":"Feature","geometry":{"type":"Polygon","coordinates":[[[-64.73,32.29],[-64.67,32.38],[-64.77,32.31],[-64.73,32.29]]]},"properties":{"ISO_A3":"BMU","ADM0_A3":"BMU","ISO_A2":"BM","NAME":"Bermuda","NAME_LONG":"Bermuda","NAME_IT":"Bermuda","ADMIN":"Bermuda"}},
{"type":"Feature","geometry":{"type":"Polygon","coordinates":[[[-64.4,18.46],[-64.32,18.52],[-64.43,18.51],[-64.4,18.46]]]},"properties":{"ISO_A3":"VGB","ADM0_A3":"VGB","ISO_A2":"VG","NAME":"British Virgin Is.","NAME_LONG":"British Virgin Islands","NAME_IT":"Isole Vergini britanniche","ADMIN":"British Virgin Islands"}},
{"type":"Feature","geometry":{"type":"Polygon","coordinates":[[[-71.66,21.77],[-71.67,21.83],[-71.85,21.84],[-71.66,21.77]]]},"properties":{"ISO_A3":"TCA","ADM0_A3":"TCA","ISO_A2":"TC","NAME":"Turks and Caicos Is.","NAME_LONG":"Turks and Caicos Islands","NAME_IT":"Turks e Caicos","ADMIN":"Turks and Caicos Islands"}},
{"type":"Feature","geometry":{"type":"Polygon","coordinates":[[[-62.15,16.74],[-62.18,16.81],[-62.22,16.7],[-62.15,16.74]]]},"properties":{"ISO_A3":"MSR","ADM0_A3":"MSR","ISO_A2":"MS","NAME":"Montserrat","NAME_LONG":"Montserrat","NAME_IT":"Montserrat","ADMIN":"Montserrat"}},
{"type":"Feature","geometry":{"type":"Polygon","coordinates":[[[-2.02,49.23],[-2.22,49.27],[-2.24,49.18],[-2.02,49.23]]]},"properties":{"ISO_A3":"JEY","ADM0_A3":"JEY","ISO_A2":"JE","NAME":"Jersey","NAME_LONG":"Jersey","NAME_IT":"baliato di Jersey","ADMIN":"Jersey"}},
{"type":"Feature","geometry":{"type":"Polygon","coordinates":[[[-2.51,49.49],[-2.65,49.47],[-2.55,49.43],[-2.51,49.49]]]},"properties":{"ISO_A3":"GGY","ADM0_A3":"GGY","ISO_A2":"GG","NAME":"Guernsey","NAME_LONG":"Guernsey","NAME_IT":"Guernsey","ADMIN":"Guernsey"}},
{"type":"Feature","geometry":{"type":"Polygon","coordinates":[[[-4.41,54.19],[-4.51,54.38],[-4.79,54.07],[-4.41,54.19]]]},"properties":{"ISO_A3":"IMN","ADM0_A3":"IMN","ISO_A2":"IM","NAME":"Isle of Man","NAME_LONG":"Isle of Man","NAME_IT":"Isola di Man","ADMIN":"Isle of Man"}},
{"type":"Feature","geometry":{"type":"MultiPolygon","coordinates":[[[[-2.67,51.62],[-3.14,51.21],[-4.19,51.19],[-5.34,50.25],[-5.23,50.02],[-4.17,50.39],[-3.79,50.23],[-3.4,50.63],[-2.04,50.6],[-1.42,50.9],[0.21,50.76],[0.96,50.93],[1.41,51.36],[0.69,51.39],[1.75,52.47],[1.06,52.96],[0.05,52.91],[0.36,53.16],[-0.08,54.12],[-1.29,54.77],[-1.66,55.57],[-2.6,56.03],[-2.65,56.32],[-1.78,57.49],[-2.07,57.7],[-4.13,57.58],[-3.99,57.96],[-3.05,58.63],[-5.07,58.52],[-5.16,57.88],[-5.61,57.88],[-5.56,57.23],[-6.13,56.72],[-5.19,56.76],[-5.77,55.36],[-4.84,56.05],[-4.68,55.5],[-5.14,54.86],[-3.96,54.78],[-3.43,54.96],[-3.57,54.47],[-2.87,54.18],[-3.17,53.39],[-4.11,53.22],[-3.98,52.54],[-5.26,51.88],[-3.29,51.39],[-2.67,51.62]]],[[[-6.2,58.36],[-7.01,58.23],[-6.96,57.75],[-6.2,58.36]]],[[[-6.14,57.5],[-6.76,57.44],[-5.95,57.05],[-6.14,57.5]]],[[[-6.22,54.09],[-5.61,54.27],[-5.58,54.66],[-6.13,55.22],[-7.22,55.09],[-8.12,54.41],[-7.36,54.12],[-7.05,54.41],[-6.22,54.09]]]]},"properties":{"ISO_A3":"GBR","ADM0_A3":"GBR","ISO_A2":"GB","NAME":"United Kingdom","NAME_LONG":"United Kingdom","NAME_IT":"Regno Unito","ADMIN":"United Kingdom"}},
{"type":"Feature","geometry":{"type":"Polygon","coordinates":[[[56.3,25.65],[56.08,26.06],[55.94,25.79],[54.75,24.81],[54.4,24.28],[53.89,24.08],[52.65,24.15],[51.91,23.99],[51.57,24.29],[51.59,24.08],[52.56,22.93],[55.1,22.62],[55.19,22.7],[55.47,23.94],[55.76,24.24],[55.8,24.87],[56.39,24.98],[56.3,25.65]]]},"properties":{"ISO_A3":"ARE","ADM0_A3":"ARE","ISO_A2":"AE","NAME":"United Arab Emirates","NAME_LONG":"United Arab Emirates","NAME_IT":"Emirati Arabi Uniti","ADMIN":"United Arab Emirates"}},
{"type":"Feature","geometry":{"type":"Polygon","coordinates":[[[38.21,47.09],[38.29,47.56],[38.9,47.86],[39.74,47.84],[39.96,48.27],[39.64,48.59],[39.99,48.85],[40.03,49.6],[38.26,50.05],[37.42,50.41],[36.62,50.21],[35.41,50.54],[35.06,51.2],[34.23,51.24],[34.4,51.78],[33.74,52.34],[32.51,52.31],[31.76,52.1],[30.98,52.05],[30.53,51.6],[29.35,51.38],[27.27,51.61],[25.93,51.91],[24.36,51.87],[23.61,51.52],[24.11,50.84],[22.65,49.54],[22.54,49.07],[22.13,48.41],[22.88,47.95],[23.2,48.08],[24.89,47.72],[26.16,47.99],[26.62,48.26],[27.55,48.48],[29.09,47.98],[29.16,47.46],[29.88,46.83],[29.84,46.35],[29.15,46.53],[28.95,46.05],[28.21,45.45],[28.76,45.23],[29.71,45.26],[29.6,45.68],[30.22,45.87],[30.8,46.55],[32.58,46.62],[31.78,46.32],[32.48,46.08],[33.59,46.1],[34.69,45.98],[35,45.73],[34.85,46.19],[35.83,46.62],[38.21,47.09]]]},"properties":{"ISO_A3":"UKR","ADM0_A3":"UKR","ISO_A2":"UA","NAME":"Ukraine","NAME_LONG":"Ukraine","NAME_IT":"Ucraina","ADMIN":"Ukraine"}},
{"type":"Feature","geometry":{"type":"Polygon","coordinates":[[[33.9,-1],[33.94,0.17],[34.97,1.64],[34.91,2.48],[34.45,3.16],[34.39,3.69],[33.98,4.22],[33.49,3.76],[33,3.88],[32.16,3.53],[31.8,3.8],[31.15,3.79],[30.84,3.49],[30.73,2.46],[31.25,2.04],[29.94,0.82],[29.72,0.1],[29.58,-1.39],[29.93,-1.47],[30.51,-1.07],[30.84,-1],[33.9,-1]]]},"properties":{"ISO_A3":"UGA","ADM0_A3":"UGA","ISO_A2":"UG","NAME":"Uganda","NAME_LONG":"Uganda","NAME_IT":"Uganda","ADMIN":"Uganda"}},
{"type":"Feature","geometry":{"type":"Polygon","coordinates":[[[55.98,41.32],[55.55,41.26],[54.9,41.92],[54.12,42.34],[53.25,42.21],[52.49,41.78],[52.86,41.21],[52.97,41.98],[53.85,42.09],[54.09,41.52],[54.71,40.89],[53.76,40.67],[52.94,41.04],[52.73,40.4],[52.9,39.91],[53.49,39.91],[53.16,39.26],[53.7,39.21],[53.89,38.86],[53.91,37.34],[54.75,37.5],[55.08,37.9],[56.44,38.25],[57.19,38.22],[57.34,37.99],[58.44,37.64],[59.3,37.51],[60.34,36.64],[61.12,36.64],[61.26,35.62],[62.31,35.17],[63.06,35.45],[63.11,35.82],[64.51,36.34],[64.82,37.13],[65.55,37.25],[65.77,37.57],[66.52,37.35],[66.63,37.93],[65.61,38.24],[64.16,38.95],[62.65,39.86],[61.9,41.09],[60.45,41.22],[60.09,41.4],[60.19,41.83],[59.86,42.3],[59.45,42.3],[58.59,42.78],[57.81,42.19],[56.96,41.86],[57.02,41.26],[55.98,41.32]]]},"properties":{"ISO_A3":"TKM","ADM0_A3":"TKM","ISO_A2":"TM","NAME":"Turkmenistan","NAME_LONG":"Turkmenistan","NAME_IT":"Turkmenistan","ADMIN":"Turkmenistan"}},
{"type":"Feature","geometry":{"type":"MultiPolygon","coordinates":[[[[41.51,41.52],[40.27,40.96],[39.43,41.11],[38.38,40.92],[36.51,41.26],[36.05,41.68],[34.75,41.96],[33.38,42.02],[32.31,41.73],[31.25,41.11],[29.15,41.22],[29.05,41.01],[29.84,40.74],[28.96,40.63],[29.06,40.42],[27.48,40.32],[26.74,40.4],[26.18,39.99],[26.11,39.47],[26.83,39.56],[26.68,39.29],[27.1,38.42],[26.29,38.28],[27.23,37.98],[27.08,37.69],[27.54,37.16],[28.3,36.81],[29.04,36.69],[29.69,36.16],[30.48,36.31],[30.64,36.87],[31.35,36.8],[32.79,36.04],[33.69,36.18],[34.6,36.78],[35.54,36.6],[36.05,36.91],[35.89,35.92],[36.64,36.23],[36.66,36.8],[37.44,36.64],[38.19,36.9],[39.36,36.68],[40.71,37.1],[42.36,37.11],[42.77,37.37],[43.84,37.22],[44.28,36.98],[44.77,37.14],[44.56,37.74],[44.21,37.91],[44.43,38.36],[44.02,39.38],[44.82,39.65],[44.77,39.7],[43.71,40.17],[43.44,41.11],[42.79,41.56],[41.51,41.52]]],[[[28.01,41.97],[27.29,42.08],[26.32,41.72],[26.62,41.4],[26.04,40.73],[26.79,40.63],[26.2,40.08],[27.5,40.97],[28.78,40.97],[29.06,41.23],[28.35,41.47],[28.01,41.97]]]]},"properties":{"ISO_A3":"TUR","ADM0_A3":"TUR","ISO_A2":"TR","NAME":"Turkey","NAME_LONG":"Turkey","NAME_IT":"Turchia","ADMIN":"Turkey"}},
{"type":"Feature","geometry":{"type":"Polygon","coordinates":[[[11.5,33.18],[11.08,33.56],[10.16,33.85],[10.06,34.21],[11.12,35.24],[10.59,35.89],[10.53,36.32],[11.13,36.87],[10.41,36.73],[10.2,37.21],[9.69,37.34],[8.58,36.94],[8.21,36.5],[8.39,35.2],[8.25,34.73],[7.51,34.08],[7.73,33.27],[8.33,32.54],[9.04,32.07],[9.52,30.23],[10.22,30.78],[10.11,31.46],[10.83,32.08],[11.5,32.41],[11.5,33.18]]]},"properties":{"ISO_A3":"TUN","ADM0_A3":"TUN","ISO_A2":"TN","NAME":"Tunisia","NAME_LONG":"Tunisia","NAME_IT":"Tunisia","ADMIN":"Tunisia"}},
{"type":"Feature","geometry":{"type":"Polygon","coordinates":[[[-61.01,10.13],[-60.92,10.84],[-61.64,10.7],[-61.5,10.27],[-61.91,10.07],[-61.01,10.13]]]},"properties":{"ISO_A3":"TTO","ADM0_A3":"TTO","ISO_A2":"TT","NAME":"Trinidad and Tobago","NAME_LONG":"Trinidad and Tobago","NAME_IT":"Trinidad e Tobago","ADMIN":"Trinidad and Tobago"}},
{"type":"Feature","geometry":{"type":"Polygon","coordinates":[[[-175.16,-21.17],[-175.36,-21.11],[-175.16,-21.26],[-175.16,-21.17]]]},"properties":{"ISO_A3":"TON","ADM0_A3":"TON","ISO_A2":"TO","NAME":"Tonga","NAME_LONG":"Tonga","NAME_IT":"Tonga","ADMIN":"Tonga"}},
{"type":"Feature","geometry":{"type":"Polygon","coordinates":[[[0.9,10.99],[-0.07,11.12],[-0.06,10.63],[0.38,10.29],[0.23,9.46],[0.53,9.36],[0.37,8.76],[0.69,8.3],[0.53,6.85],[1.19,6.09],[1.62,6.22],[1.6,9.05],[1.33,10],[0.78,10.36],[0.9,10.99]]]},"properties":{"ISO_A3":"TGO","ADM0_A3":"TGO","ISO_A2":"TG","NAME":"Togo","NAME_LONG":"Togo","NAME_IT":"Togo","ADMIN":"Togo"}},
{"type":"Feature","geometry":{"type":"Polygon","coordinates":[[[125.07,-9.51],[126.38,-8.96],[127.3,-8.42],[125.8,-8.49],[125.18,-8.65],[124.92,-8.94],[125.07,-9.51]]]},"properties":{"ISO_A3":"TLS","ADM0_A3":"TLS","ISO_A2":"TL","NAME":"Timor-Leste","NAME_LONG":"Timor-Leste","NAME_IT":"Timor Est","ADMIN":"East Timor"}},
{"type":"Feature","geometry":{"type":"Polygon","coordinates":[[[100.12,20.32],[99.46,20.36],[98.92,19.77],[98.02,19.75],[97.82,19.46],[97.75,18.62],[97.48,18.49],[97.79,17.68],[98.44,16.98],[98.82,16.18],[98.59,16.05],[98.57,15.4],[98.19,15.2],[98.25,14.81],[99.14,13.72],[99.11,13.1],[99.61,11.78],[98.76,10.66],[98.7,10.19],[98.37,9.29],[98.24,8.42],[98.58,8.34],[99.7,6.88],[100.12,6.44],[100.18,6.67],[101.05,6.24],[101.11,5.64],[101.87,5.83],[102.1,6.24],[101.5,6.87],[101.02,6.86],[100.42,7.19],[100.28,8.27],[99.72,9.31],[99.39,9.21],[99.16,9.73],[99.17,10.32],[99.99,12.17],[100.02,13.35],[100.96,13.43],[100.86,12.71],[101.72,12.69],[102.93,11.71],[102.76,12.43],[102.5,12.67],[102.32,13.54],[102.55,13.59],[103.2,14.33],[104.78,14.43],[105.18,14.35],[105.48,14.53],[105.62,15.7],[105.05,16.16],[104.75,16.65],[104.82,17.3],[103.95,18.32],[103.25,18.37],[102.72,17.89],[102.1,18.21],[101.11,17.48],[100.91,17.58],[101.29,18.98],[101.21,19.55],[100.63,19.5],[100.54,20.09],[100.12,20.32]]]},"properties":{"ISO_A3":"THA","ADM0_A3":"THA","ISO_A2":"TH","NAME":"Thailand","NAME_LONG":"Thailand","NAME_IT":"Thailandia","ADMIN":"Thailand"}},
{"type":"Feature","geometry":{"type":"MultiPolygon","coordinates":[[[[32.92,-9.41],[33.94,-9.67],[34.52,-10.03],[34.6,-11.04],[34.96,-11.58],[35.79,-11.45],[36.52,-11.72],[37.37,-11.71],[37.92,-11.29],[38.49,-11.41],[39.99,-10.82],[40.46,-10.46],[39.78,-9.91],[39.64,-9.19],[39.3,-8.44],[39.44,-8.01],[39.29,-7.52],[39.55,-7.02],[38.87,-6.33],[38.82,-5.88],[39.22,-4.69],[37.8,-3.67],[37.64,-3.05],[35.84,-2.04],[33.9,-1],[30.84,-1],[30.51,-1.07],[30.81,-1.56],[30.83,-2.34],[30.55,-2.4],[30.52,-2.92],[30.79,-3.27],[29.72,-4.46],[29.4,-4.45],[29.34,-4.98],[29.59,-5.65],[29.48,-6.02],[29.71,-6.62],[30.31,-7.2],[30.75,-8.19],[31.94,-9.05],[32.92,-9.41]]],[[[39.5,-6.17],[39.31,-5.72],[39.24,-6.27],[39.5,-6.17]]]]},"properties":{"ISO_A3":"TZA","ADM0_A3":"TZA","ISO_A2":"TZ","NAME":"Tanzania","NAME_LONG":"Tanzania","NAME_IT":"Tanzania","ADMIN":"United Republic of Tanzania"}},
{"type":"Feature","geometry":{"type":"Polygon","coordinates":[[[67.76,37.17],[68.07,36.95],[68.96,37.33],[69.26,37.11],[69.49,37.55],[70.25,37.66],[70.21,37.92],[70.88,38.46],[71.55,37.93],[71.43,37.13],[71.73,36.68],[73.21,37.41],[73.75,37.23],[74.26,37.42],[74.89,37.23],[74.75,38.51],[73.8,38.61],[73.63,39.45],[71.81,39.28],[71.47,39.6],[69.3,39.52],[69.31,39.97],[69.97,40.2],[70.45,40.05],[70.96,40.24],[70.38,40.45],[70.75,40.74],[70.44,41.02],[69.71,40.66],[69.41,40.8],[69.27,40.2],[68.93,40.14],[68.46,39.54],[67.72,39.62],[67.35,39.24],[68.1,38.96],[68.29,38.03],[67.76,37.17]]]},"properties":{"ISO_A3":"TJK","ADM0_A3":"TJK","ISO_A2":"TJ","NAME":"Tajikistan","NAME_LONG":"Tajikistan","NAME_IT":"Tagikistan","ADMIN":"Tajikistan"}},
{"type":"Feature","geometry":{"type":"Polygon","coordinates":[[[121.01,22.62],[121.3,22.97],[121.93,24.97],[121.59,25.28],[121.04,25.03],[120.16,23.71],[120.07,23.15],[120.33,22.54],[120.84,21.93],[121.01,22.62]]]},"properties":{"ISO_A3":"TWN","ADM0_A3":"TWN","ISO_A2":"CN-TW","NAME":"Taiwan","NAME_LONG":"Taiwan","NAME_IT":"Taiwan","ADMIN":"Taiwan"}},
{"type":"Feature","geometry":{"type":"Polygon","coordinates":[[[35.89,35.92],[35.76,35.57],[35.98,34.63],[36.43,34.61],[36.58,34.22],[35.87,33.43],[35.84,33.42],[35.82,33.36],[35.79,32.73],[36.82,32.32],[38.77,33.37],[40.69,34.33],[41.19,34.77],[41.42,36.51],[42.36,37.11],[40.71,37.1],[39.36,36.68],[38.19,36.9],[37.44,36.64],[36.66,36.8],[36.64,36.23],[35.89,35.92]]]},"properties":{"ISO_A3":"SYR","ADM0_A3":"SYR","ISO_A2":"SY","NAME":"Syria","NAME_LONG":"Syria","NAME_IT":"Siria","ADMIN":"Syria"}},
{"type":"Feature","geometry":{"type":"Polygon","coordinates":[[[9.52,47.52],[8.62,47.77],[7.62,47.59],[7,47.32],[6.06,46.43],[6.09,46.15],[6.76,46.42],[7.02,45.93],[7.79,45.92],[8.37,46.45],[8.95,45.83],[9.25,46.29],[10.43,46.55],[10.45,46.86],[9.58,47.06],[9.49,47.06],[9.53,47.27],[9.52,47.52]]]},"properties":{"ISO_A3":"CHE","ADM0_A3":"CHE","ISO_A2":"CH","NAME":"Switzerland","NAME_LONG":"Switzerland","NAME_IT":"Svizzera","ADMIN":"Switzerland"}},
{"type":"Feature","geometry":{"type":"MultiPolygon","coordinates":[[[[19.08,57.84],[18.14,57.56],[18.15,56.92],[18.91,57.4],[19.08,57.84]]],[[[16.53,56.29],[17.12,57.32],[16.41,56.57],[16.53,56.29]]],[[[11.39,59.04],[11.27,58.48],[12.42,56.91],[12.88,56.62],[12.51,56.29],[12.89,55.41],[14.17,55.4],[14.71,56.13],[16,56.22],[16.53,57.07],[16.79,58.59],[18.29,59.11],[18.22,59.42],[18.97,59.76],[17.96,60.59],[17.25,60.7],[17.13,61.58],[17.9,62.83],[20.76,63.87],[21.52,64.46],[21.14,64.81],[22.37,65.84],[24.16,65.81],[23.75,66.19],[23.99,66.81],[23.47,67.45],[23.64,67.95],[20.62,69.04],[19.97,68.36],[18.38,68.56],[17.92,67.96],[17.32,68.1],[16.13,67.43],[16.4,67.05],[14.54,66.13],[14.48,65.3],[13.65,64.58],[13.96,64.01],[12.66,63.94],[12,63.29],[12.3,62.29],[12.16,61.72],[12.88,61.35],[12.29,61],[12.49,60.11],[11.68,59.59],[11.39,59.04]]]]},"properties":{"ISO_A3":"SWE","ADM0_A3":"SWE","ISO_A2":"SE","NAME":"Sweden","NAME_LONG":"Sweden","NAME_IT":"Svezia","ADMIN":"Sweden"}},
{"type":"Feature","geometry":{"type":"Polygon","coordinates":[[[31.95,-25.96],[31.42,-25.75],[30.8,-26.41],[31.06,-27.11],[31.96,-27.31],[32.11,-26.84],[31.95,-25.96]]]},"properties":{"ISO_A3":"SWZ","ADM0_A3":"SWZ","ISO_A2":"SZ","NAME":"eSwatini","NAME_LONG":"Kingdom of eSwatini","NAME_IT":"eSwatini","ADMIN":"eSwatini"}},
{"type":"Feature","geometry":{"type":"Polygon","coordinates":[[[-54.16,5.36],[-54.05,5.81],[-54.83,5.99],[-55.83,5.96],[-55.94,5.8],[-56.97,5.99],[-57.19,5.55],[-57.33,5.02],[-57.71,4.99],[-58.05,4.17],[-56.7,2.04],[-56.48,1.94],[-56.02,1.84],[-56.13,2.3],[-54.98,2.6],[-54.62,2.33],[-54.2,2.82],[-53.99,3.59],[-54.35,4.05],[-54.45,5.01],[-54.16,5.36]]]},"properties":{"ISO_A3":"SUR","ADM0_A3":"SUR","ISO_A2":"SR","NAME":"Suriname","NAME_LONG":"Suriname","NAME_IT":"Suriname","ADMIN":"Suriname"}},
{"type":"Feature","geometry":{"type":"Polygon","coordinates":[[[33.98,4.22],[35.27,5.49],[34.71,6.66],[33.67,7.67],[33.01,7.95],[33.23,8.4],[34.09,8.58],[34.08,9.46],[33.89,9.46],[33.89,10.2],[33.17,10.85],[33.07,11.59],[33.2,12.22],[32.74,12.01],[32.07,12.01],[32.34,11.72],[32.4,11.06],[31.22,9.8],[30.74,9.74],[30,10.28],[28.84,9.33],[28.05,9.33],[27.89,9.6],[26.55,9.53],[25.8,10.42],[25.07,10.29],[24.53,8.89],[24.15,8.67],[24.29,8.29],[24.85,8.14],[25.19,7.52],[26.36,6.64],[26.51,6.07],[27.08,5.78],[27.4,5.11],[28.19,4.35],[28.73,4.5],[29.15,4.39],[29.68,4.59],[30.19,3.98],[30.84,3.49],[31.15,3.79],[31.8,3.8],[32.16,3.53],[33,3.88],[33.49,3.76],[33.98,4.22]]]},"properties":{"ISO_A3":"SSD","ADM0_A3":"SDS","ISO_A2":"SS","NAME":"S. Sudan","NAME_LONG":"South Sudan","NAME_IT":"Sudan del Sud","ADMIN":"South Sudan"}},
{"type":"Feature","geometry":{"type":"Polygon","coordinates":[[[34.08,9.46],[34.28,10.53],[34.57,10.88],[34.93,10.86],[35.11,11.82],[35.6,12.54],[36.11,12.73],[36.52,14.26],[36.43,15.13],[36.91,16.3],[37.01,17.06],[37.41,17.06],[37.78,17.46],[38.25,17.58],[38.61,18.01],[37.47,18.82],[37.25,19.58],[37.21,21.19],[36.87,22],[34.57,22],[32.61,22],[29.56,22],[28.04,22],[24.98,22],[24.98,20],[23.98,20],[23.98,19.5],[23.98,15.78],[23.11,15.7],[22.67,14.72],[22.38,14.55],[22.51,14.13],[22.11,13.73],[22.23,13.33],[21.83,12.79],[22.35,12.66],[22.56,11.67],[22.92,11.34],[22.86,10.92],[23.65,9.82],[23.54,8.82],[24.15,8.67],[24.53,8.89],[25.07,10.29],[25.8,10.42],[26.55,9.53],[27.89,9.6],[28.05,9.33],[28.84,9.33],[30,10.28],[30.74,9.74],[31.22,9.8],[32.4,11.06],[32.34,11.72],[32.07,12.01],[32.74,12.01],[33.2,12.22],[33.07,11.59],[33.17,10.85],[33.89,10.2],[33.89,9.46],[34.08,9.46]]]},"properties":{"ISO_A3":"SDN","ADM0_A3":"SDN","ISO_A2":"SD","NAME":"Sudan","NAME_LONG":"Sudan","NAME_IT":"Sudan","ADMIN":"Sudan"}},
{"type":"Feature","geometry":{"type":"Polygon","coordinates":[[[79.98,9.81],[80.06,9.1],[79.71,8.07],[79.86,6.83],[80.1,6.15],[80.72,5.98],[81.64,6.43],[81.87,7.29],[81.37,8.43],[80.71,9.37],[79.98,9.81]]]},"properties":{"ISO_A3":"LKA","ADM0_A3":"LKA","ISO_A2":"LK","NAME":"Sri Lanka","NAME_LONG":"Sri Lanka","NAME_IT":"Sri Lanka","ADMIN":"Sri Lanka"}},
{"type":"Feature","geometry":{"type":"MultiPolygon","coordinates":[[[[3.15,39.79],[2.37,39.61],[3.07,39.3],[3.15,39.79]]],[[[-1.79,43.41],[-3.05,43.37],[-3.6,43.52],[-4.52,43.42],[-5.67,43.58],[-7.26,43.59],[-7.7,43.76],[-8.87,43.33],[-9.24,42.98],[-8.69,42.27],[-8.78,41.94],[-7.4,41.83],[-6.62,41.94],[-6.21,41.53],[-6.93,41.01],[-6.81,40.34],[-7.04,39.71],[-7.54,39.66],[-7,39.06],[-7.34,38.46],[-7.11,38.18],[-7.5,37.59],[-7.41,37.18],[-6.49,36.95],[-6.04,36.19],[-5.63,36.03],[-5.17,36.42],[-4.37,36.72],[-2.19,36.75],[-1.33,37.56],[-0.82,37.58],[-0.65,38.15],[0.2,38.76],[-0.33,39.52],[1.03,41.06],[2.08,41.29],[3.25,41.94],[3.21,42.43],[2.03,42.35],[1.71,42.5],[1.49,42.43],[1.43,42.6],[-1.48,43.07],[-1.79,43.41]]],[[[-16.33,28.38],[-16.91,28.34],[-16.66,28.01],[-16.33,28.38]]]]},"properties":{"ISO_A3":"ESP","ADM0_A3":"ESP","ISO_A2":"ES","NAME":"Spain","NAME_LONG":"Spain","NAME_IT":"Spagna","ADMIN":"Spain"}},
{"type":"Feature","geometry":{"type":"Polygon","coordinates":[[[126.63,37.78],[126.75,37.19],[126.22,36.87],[126.49,36.69],[126.72,35.77],[126.29,35.15],[126.53,34.31],[127.71,34.95],[128.44,34.87],[128.51,35.1],[129.21,35.18],[129.57,36.05],[129.34,37.27],[128.37,38.62],[128.04,38.31],[127.17,38.3],[126.63,37.78]]]},"properties":{"ISO_A3":"KOR","ADM0_A3":"KOR","ISO_A2":"KR","NAME":"South Korea","NAME_LONG":"Republic of Korea","NAME_IT":"Corea del Sud","ADMIN":"South Korea"}},
{"type":"Feature","geometry":{"type":"Polygon","coordinates":[[[29.36,-22.19],[28.21,-22.69],[27.76,-23.2],[26.99,-23.7],[26.84,-24.24],[25.91,-24.75],[25.58,-25.61],[24.75,-25.82],[23.89,-25.6],[23.27,-25.27],[22.88,-25.46],[22.64,-26.07],[21.65,-26.85],[20.74,-26.85],[20.79,-25.92],[20.35,-25.03],[19.98,-24.78],[19.98,-28.45],[19.16,-28.94],[17.45,-28.7],[17.06,-28.03],[16.45,-28.62],[16.95,-29.4],[17.68,-31.02],[18.21,-31.74],[18.25,-32.65],[17.85,-32.83],[18.47,-33.89],[19.63,-34.75],[20.53,-34.46],[21.79,-34.37],[22.25,-34.07],[23.59,-33.99],[24.83,-34.17],[26.43,-33.76],[27.86,-33.05],[28.86,-32.29],[30.29,-30.97],[31.34,-29.38],[32.29,-28.62],[32.53,-28.2],[32.89,-26.85],[32.11,-26.84],[31.96,-27.31],[31.06,-27.11],[30.8,-26.41],[31.42,-25.75],[31.95,-25.96],[31.99,-24.46],[31.55,-23.48],[31.29,-22.4],[29.66,-22.15],[29.36,-22.19]],[[28.74,-30.1],[28.39,-30.15],[28.02,-30.64],[27.39,-30.32],[27.05,-29.66],[27.74,-28.94],[28.63,-28.58],[29.39,-29.27],[29.1,-29.92],[28.74,-30.1]]]},"properties":{"ISO_A3":"ZAF","ADM0_A3":"ZAF","ISO_A2":"ZA","NAME":"South Africa","NAME_LONG":"South Africa","NAME_IT":"Sudafrica","ADMIN":"South Africa"}},
{"type":"Feature","geometry":{"type":"Polygon","coordinates":[[[41.53,-1.7],[41.98,-0.97],[43.47,0.62],[44.33,1.39],[46.05,2.48],[47.98,4.5],[49.05,6.17],[49.35,6.99],[50.83,9.43],[50.93,10.34],[51.38,10.39],[51.14,10.66],[51.08,11.34],[51.25,11.83],[50.79,11.98],[50.11,11.53],[48.94,11.26],[48.94,9.45],[47.98,8],[45.93,6],[44.94,4.91],[43.99,4.95],[43.13,4.64],[42.79,4.29],[41.88,3.98],[40.96,2.81],[40.98,-0.87],[41.53,-1.7]]]},"properties":{"ISO_A3":"SOM","ADM0_A3":"SOM","ISO_A2":"SO","NAME":"Somalia","NAME_LONG":"Somalia","NAME_IT":"Somalia","ADMIN":"Somalia"}},
{"type":"Feature","geometry":{"type":"Polygon","coordinates":[[[48.94,11.26],[47.4,11.17],[46.57,10.75],[45.82,10.84],[44.94,10.44],[44.39,10.43],[43.85,10.78],[43.25,11.5],[42.92,11],[42.66,10.62],[43.48,9.38],[44.02,8.99],[46.98,8],[47.98,8],[48.94,9.45],[48.94,11.26]]]},"properties":{"ISO_A3":"-99","ADM0_A3":"SOL","ISO_A2":"-99","NAME":"Somaliland","NAME_LONG":"Somaliland","NAME_IT":"Somaliland","ADMIN":"Somaliland"}},
{"type":"Feature","geometry":{"type":"MultiPolygon","coordinates":[[[[157.76,-8.24],[157.43,-7.98],[157.23,-8.31],[157.76,-8.24]]],[[[159.75,-9.27],[159.85,-9.79],[160.82,-9.86],[160.35,-9.42],[159.75,-9.27]]],[[[159.88,-8.53],[159.84,-8.33],[158.73,-7.6],[158.94,-8.04],[159.88,-8.53]]],[[[157.49,-7.33],[157.1,-6.96],[156.46,-6.72],[157.1,-7.32],[157.49,-7.33]]],[[[160.75,-8.31],[160.6,-8.33],[160.87,-9.16],[161.32,-9.59],[161.16,-8.96],[160.75,-8.31]]],[[[161.72,-10.39],[161.54,-10.57],[162.37,-10.82],[161.72,-10.39]]]]},"properties":{"ISO_A3":"SLB","ADM0_A3":"SLB","ISO_A2":"SB","NAME":"Solomon Is.","NAME_LONG":"Solomon Islands","NAME_IT":"Isole Salomone","ADMIN":"Solomon Islands"}},
{"type":"Feature","geometry":{"type":"Polygon","coordinates":[[[22.54,49.07],[21.64,49.41],[19.76,49.2],[19.44,49.6],[18.83,49.51],[17.76,48.89],[16.95,48.6],[17.15,48.01],[17.76,47.77],[18.72,47.79],[18.91,48.05],[19.9,48.13],[20.49,48.53],[22.13,48.41],[22.54,49.07]]]},"properties":{"ISO_A3":"SVK","ADM0_A3":"SVK","ISO_A2":"SK","NAME":"Slovakia","NAME_LONG":"Slovakia","NAME_IT":"Slovacchia","ADMIN":"Slovakia"}},
{"type":"Feature","geometry":{"type":"Polygon","coordinates":[[[16.52,46.5],[16.09,46.86],[15.96,46.68],[14.5,46.42],[13.7,46.52],[13.72,45.59],[13.58,45.52],[15.34,45.47],[15.64,46.2],[16.52,46.5]]]},"properties":{"ISO_A3":"SVN","ADM0_A3":"SVN","ISO_A2":"SI","NAME":"Slovenia","NAME_LONG":"Slovenia","NAME_IT":"Slovenia","ADMIN":"Slovenia"}},
{"type":"Feature","geometry":{"type":"Polygon","coordinates":[[[103.97,1.33],[103.82,1.45],[103.65,1.33],[103.97,1.33]]]},"properties":{"ISO_A3":"SGP","ADM0_A3":"SGP","ISO_A2":"SG","NAME":"Singapore","NAME_LONG":"Singapore","NAME_IT":"Singapore","ADMIN":"Singapore"}},
{"type":"Feature","geometry":{"type":"Polygon","coordinates":[[[-10.28,8.49],[-10.69,9.31],[-11.21,9.98],[-12.5,9.86],[-12.76,9.37],[-13.29,9.05],[-13.15,8.21],[-12.51,7.67],[-12.49,7.39],[-11.51,6.91],[-10.65,7.76],[-10.28,8.49]]]},"properties":{"ISO_A3":"SLE","ADM0_A3":"SLE","ISO_A2":"SL","NAME":"Sierra Leone","NAME_LONG":"Sierra Leone","NAME_IT":"Sierra Leone","ADMIN":"Sierra Leone"}},
{"type":"Feature","geometry":{"type":"Polygon","coordinates":[[[55.54,-4.69],[55.38,-4.61],[55.54,-4.79],[55.54,-4.69]]]},"properties":{"ISO_A3":"SYC","ADM0_A3":"SYC","ISO_A2":"SC","NAME":"Seychelles","NAME_LONG":"Seychelles","NAME_IT":"Seychelles","ADMIN":"Seychelles"}},
{"type":"Feature","geometry":{"type":"Polygon","coordinates":[[[22.71,44.24],[22.5,44.71],[22.09,44.54],[21.36,44.86],[21.49,45.12],[20.77,45.48],[20.24,46.11],[19.53,46.16],[18.91,45.93],[19.01,44.87],[19.35,44.88],[19.15,44.3],[19.58,44.04],[19.19,43.53],[20.34,42.83],[20.76,43.26],[21.75,42.67],[21.56,42.25],[22.34,42.31],[22.47,42.84],[22.98,43.19],[22.55,43.45],[22.42,44.01],[22.71,44.24]]]},"properties":{"ISO_A3":"SRB","ADM0_A3":"SRB","ISO_A2":"RS","NAME":"Serbia","NAME_LONG":"Serbia","NAME_IT":"Serbia","ADMIN":"Republic of Serbia"}},
{"type":"Feature","geometry":{"type":"Polygon","coordinates":[[[-12.28,14.81],[-12.86,15.24],[-13.56,16.14],[-14.3,16.58],[-14.99,16.68],[-16.24,16.53],[-16.54,15.84],[-17.15,14.92],[-17.17,14.64],[-16.56,13.59],[-15.51,13.59],[-15.11,13.81],[-13.85,13.34],[-14.25,13.24],[-15.15,13.56],[-15.83,13.16],[-16.76,13.06],[-16.71,12.35],[-15.57,12.49],[-15.2,12.68],[-13.73,12.67],[-12.29,12.33],[-11.39,12.4],[-11.39,12.94],[-12.05,13.63],[-12.02,14.21],[-12.28,14.81]]]},"properties":{"ISO_A3":"SEN","ADM0_A3":"SEN","ISO_A2":"SN","NAME":"Senegal","NAME_LONG":"Senegal","NAME_IT":"Senegal","ADMIN":"Senegal"}},
{"type":"Feature","geometry":{"type":"Polygon","coordinates":[[[51.98,19],[54.98,20],[55.64,22],[55.19,22.7],[55.1,22.62],[52.56,22.93],[51.59,24.08],[51.57,24.29],[51.27,24.61],[50.8,24.79],[50.03,26.11],[49.99,26.83],[48.8,27.72],[48.44,28.54],[47.67,28.53],[47.43,28.99],[46.53,29.1],[44.69,29.2],[42.07,31.08],[40.37,31.94],[39.15,32.12],[38.96,31.99],[36.96,31.49],[37.98,30.5],[37.47,30],[36.76,29.87],[36.02,29.19],[34.95,29.35],[34.62,28.15],[35.18,28.03],[37.15,25.29],[37.18,24.82],[37.54,24.29],[38.29,23.91],[39.01,22.77],[39.09,21.31],[39.61,20.52],[40.76,19.76],[41.23,18.68],[41.75,17.89],[42.29,17.43],[42.8,16.37],[43.17,16.69],[43.19,17.36],[45.15,17.43],[46.68,17.27],[46.98,16.95],[47.44,17.11],[48.17,18.16],[49.04,18.58],[51.98,19]]]},"properties":{"ISO_A3":"SAU","ADM0_A3":"SAU","ISO_A2":"SA","NAME":"Saudi Arabia","NAME_LONG":"Saudi Arabia","NAME_IT":"Arabia Saudita","ADMIN":"Saudi Arabia"}},
{"type":"Feature","geometry":{"type":"Polygon","coordinates":[[[6.66,0.12],[6.69,0.4],[6.47,0.23],[6.66,0.12]]]},"properties":{"ISO_A3":"STP","ADM0_A3":"STP","ISO_A2":"ST","NAME":"São Tomé and Principe","NAME_LONG":"São Tomé and Principe","NAME_IT":"São Tomé e Príncipe","ADMIN":"São Tomé and Principe"}},
{"type":"Feature","geometry":{"type":"Polygon","coordinates":[[[12.49,43.9],[12.5,43.99],[12.4,43.93],[12.49,43.9]]]},"properties":{"ISO_A3":"SMR","ADM0_A3":"SMR","ISO_A2":"SM","NAME":"San Marino","NAME_LONG":"San Marino","NAME_IT":"San Marino","ADMIN":"San Marino"}},
{"type":"Feature","geometry":{"type":"Polygon","coordinates":[[[-172.33,-13.47],[-172.78,-13.52],[-172.22,-13.8],[-172.33,-13.47]]]},"properties":{"ISO_A3":"WSM","ADM0_A3":"WSM","ISO_A2":"WS","NAME":"Samoa","NAME_LONG":"Samoa","NAME_IT":"Samoa","ADMIN":"Samoa"}},
{"type":"Feature","geometry":{"type":"Polygon","coordinates":[[[-61.17,13.16],[-61.14,13.36],[-61.27,13.29],[-61.17,13.16]]]},"properties":{"ISO_A3":"VCT","ADM0_A3":"VCT","ISO_A2":"VC","NAME":"St. Vin. and Gren.","NAME_LONG":"Saint Vincent and the Grenadines","NAME_IT":"Saint Vincent e Grenadine","ADMIN":"Saint Vincent and the Grenadines"}},
{"type":"Feature","geometry":{"type":"Polygon","coordinates":[[[-60.9,13.82],[-60.91,14.09],[-61.06,13.92],[-60.9,13.82]]]},"properties":{"ISO_A3":"LCA","ADM0_A3":"LCA","ISO_A2":"LC","NAME":"Saint Lucia","NAME_LONG":"Saint Lucia","NAME_IT":"Saint Lucia","ADMIN":"Saint Lucia"}},
{"type":"Feature","geometry":{"type":"Polygon","coordinates":[[[-62.63,17.24],[-62.79,17.4],[-62.84,17.34],[-62.63,17.24]]]},"properties":{"ISO_A3":"KNA","ADM0_A3":"KNA","ISO_A2":"KN","NAME":"St. Kitts and Nevis","NAME_LONG":"Saint Kitts and Nevis","NAME_IT":"Saint Kitts e Nevis","ADMIN":"Saint Kitts and Nevis"}},
{"type":"Feature","geometry":{"type":"Polygon","coordinates":[[[29.58,-1.39],[28.88,-2.4],[29.01,-2.72],[29.87,-2.72],[29.93,-2.34],[30.55,-2.4],[30.83,-2.34],[30.81,-1.56],[30.51,-1.07],[29.93,-1.47],[29.58,-1.39]]]},"properties":{"ISO_A3":"RWA","ADM0_A3":"RWA","ISO_A2":"RW","NAME":"Rwanda","NAME_LONG":"Rwanda","NAME_IT":"Ruanda","ADMIN":"Rwanda"}},
{"type":"Feature","geometry":{"type":"MultiPolygon","coordinates":[[[[33.59,46.1],[33.66,45.95],[32.51,45.4],[33.56,45.1],[33.45,44.55],[33.91,44.39],[35.47,45.1],[36.39,45.07],[36.58,45.39],[35.37,45.35],[35,45.73],[34.69,45.98],[33.59,46.1]]],[[[38.21,47.09],[39.29,47.11],[37.77,46.64],[38.49,46.09],[38.01,46.05],[37.65,45.38],[36.65,45.13],[38.72,44.29],[39.98,43.42],[40.65,43.53],[41.58,43.22],[42.42,43.22],[43.96,42.57],[44.87,42.76],[45.73,42.48],[45.64,42.21],[46.43,41.89],[47.26,41.32],[47.86,41.21],[48.57,41.84],[47.46,43.04],[47.36,43.99],[46.76,44.66],[47.53,45.53],[49.23,46.34],[48.61,46.57],[48.96,46.77],[48.11,47.75],[47.29,47.74],[46.66,48.41],[47.01,49.1],[46.8,49.37],[47.33,50.27],[47.71,50.38],[48.43,49.83],[48.84,50.01],[48.63,50.61],[50.25,51.29],[50.79,51.73],[51.34,51.48],[52.33,51.68],[53.34,51.48],[54.65,50.66],[54.73,51],[55.8,50.6],[56.49,51.02],[57.44,50.89],[58.36,51.06],[58.88,50.69],[59.81,50.58],[59.96,50.8],[60.94,50.7],[61.39,50.86],[61.36,51.44],[60.46,51.65],[60.07,51.98],[60.98,52.39],[61.05,52.97],[61.97,52.94],[60.98,53.62],[61.33,54.05],[61.93,53.95],[65.48,54.62],[67.69,54.87],[68.98,55.39],[70.18,55.16],[70.74,55.31],[71.19,54.6],[71.09,54.21],[72.27,54.27],[73.68,53.93],[73.37,53.45],[74.45,53.65],[76.84,54.44],[76.58,53.94],[77.7,53.38],[78.48,52.64],[79.99,50.77],[80.88,51.28],[81.47,50.74],[82.49,50.73],[83.36,50.99],[83.95,50.77],[84.32,50.24],[84.99,50.06],[85.29,49.6],[86.61,49.61],[87.32,49.09],[87.81,49.16],[88.19,49.45],[89.01,49.47],[89.64,49.9],[92.35,50.86],[93.1,50.6],[94.25,50.56],[94.61,50.02],[96.99,49.88],[97.21,49.73],[98.1,50.08],[98.28,50.53],[97.83,50.99],[97.95,51.35],[98.89,52.12],[99.92,51.76],[102.11,51.35],[102.29,50.59],[103.63,50.14],[105.38,50.47],[106.71,50.31],[107.23,49.99],[107.95,49.92],[108.61,49.32],[110.83,49.17],[113.06,49.62],[114.3,50.27],[115.27,49.95],[116.68,49.82],[117.87,49.51],[119.26,50.07],[119.16,50.41],[120.07,51.6],[120.75,52.1],[120.7,52.49],[120.07,52.63],[120.7,53.17],[122.34,53.49],[123.61,53.55],[124.88,53.13],[125.65,53.04],[126.31,52.4],[126.92,51.1],[128,49.57],[129.5,49.39],[130.55,48.86],[131,47.69],[132.56,47.77],[132.71,47.95],[134.29,48.37],[134.75,47.72],[134.17,47.3],[133.86,46.25],[132.94,45.03],[131.85,45.33],[131.08,44.91],[131.26,43.43],[131.07,42.9],[130.53,42.54],[130.69,42.3],[131.79,43.26],[132.31,43.31],[132.3,42.88],[133.16,42.7],[133.71,42.83],[135.13,43.53],[135.87,44.37],[137.69,45.82],[138.59,47.06],[140.17,48.52],[140.52,49.6],[140.48,50.55],[140.69,51.23],[141.49,52.18],[141.17,52.37],[141.4,53.18],[139.71,54.28],[138.7,54.32],[138.57,53.82],[137.22,53.58],[137.83,53.95],[137.1,54.13],[136.72,53.8],[136.8,54.62],[135.85,54.58],[135.26,54.94],[137.69,56.14],[138.66,56.97],[140.45,57.81],[140.68,58.21],[142.03,59],[143.19,59.37],[146.54,59.46],[147.51,59.27],[149.64,59.77],[151.49,59.52],[152.26,59.22],[151.12,59.08],[151.33,58.88],[152.88,58.94],[153.36,59.21],[155.16,59.19],[154.15,59.53],[154.97,60.38],[155.85,60.78],[156.68,61.48],[157.47,61.8],[159.08,61.92],[160.32,61.79],[159.79,60.96],[160.77,60.75],[162.39,61.66],[163.01,61.79],[163.33,62.55],[164.26,62.7],[165.4,62.49],[164.21,62.29],[163.71,60.92],[162,60.42],[161.75,60.15],[159.85,59.13],[159.04,58.42],[158.21,58.03],[156.79,57.75],[156.98,57.47],[155.98,56.7],[155.55,55.35],[156.1,53.01],[156.36,52.51],[156.75,50.97],[158.1,51.81],[158.61,52.87],[159.59,53.24],[160.03,53.13],[159.84,53.78],[160.77,54.54],[162.11,54.75],[161.73,55.36],[162.49,56.4],[163.05,56.04],[163.26,56.69],[162.8,56.81],[162.78,57.36],[163.21,57.69],[161.96,58.08],[162.14,58.45],[163.27,59.3],[163.41,59.83],[165.08,60.1],[166.35,60.48],[166.33,59.87],[166.96,60.31],[169.23,60.6],[170.35,59.97],[170.61,60.43],[172.39,61.06],[172.86,61.47],[177.29,62.6],[179.12,62.32],[179.57,62.69],[178.23,64.36],[176.73,64.62],[176.06,64.96],[178.52,64.6],[180,65.07],[180,68.98],[178.85,69.39],[176.11,69.86],[173.28,69.82],[170.49,70.11],[170.16,69.63],[171,69.05],[169.61,68.79],[167.63,69.74],[166.88,69.5],[162.38,69.65],[161.04,69.1],[160.91,69.61],[159.83,69.78],[159.73,70.65],[158.04,71.04],[155.9,71.1],[152.51,70.83],[151.58,71.29],[149.05,71.8],[149.5,72.16],[147.26,72.33],[145.8,71.75],[146.25,72.44],[140.71,72.89],[141.08,72.59],[139.6,72.5],[139.18,72.16],[139.98,71.49],[138.12,71.57],[137.84,71.23],[135.88,71.63],[134.7,71.39],[133.43,71.49],[132.65,71.93],[131.16,70.74],[129.76,71.12],[127.8,72.43],[129.25,72.71],[128.89,73.19],[127.03,73.55],[126.55,73.33],[124.39,73.75],[123.31,73.53],[123.16,72.95],[119.75,72.98],[118.43,73.25],[118.45,73.59],[115.34,73.7],[113.16,73.46],[110.26,74.02],[110.87,73.73],[107.75,73.17],[106.19,73.31],[108.2,73.69],[109.84,74.32],[112.92,75.02],[113.73,75.45],[113.27,76.25],[111.11,76.72],[108.03,76.72],[104.2,77.1],[105.89,77.49],[104.01,77.73],[100.99,76.99],[100.84,76.53],[96.5,75.89],[96.08,76.08],[92.97,76.08],[93.55,75.85],[90.18,75.59],[85.79,74.65],[87.21,73.88],[80.58,73.57],[80.83,72.49],[82.18,72.24],[83.57,71.59],[83.15,71.1],[83.74,70.55],[82.68,70.22],[82.32,71.26],[82.99,71.75],[81.51,71.75],[79.42,72.38],[77.47,72.19],[78.23,71.95],[76.03,71.91],[76.31,71.6],[78.59,70.99],[75.33,71.34],[75.74,72.3],[74.79,72.81],[74.99,72.14],[73.09,71.44],[74.34,70.58],[73.56,69.71],[73.98,69.11],[76,69.24],[77.65,68.9],[78,68.26],[77.17,67.78],[77.24,68.47],[76.46,68.98],[74.58,68.75],[74.77,67.77],[73.79,67],[71.92,66.25],[69.19,66.58],[69.88,66.85],[70.94,66.55],[71.55,66.76],[73.15,67.87],[73.55,68.57],[72.53,69.08],[72.58,71.15],[71.91,71.55],[72.81,72.69],[71.5,72.91],[69.04,72.67],[68.27,71.68],[66.92,71.28],[67.28,70.74],[66.8,69.66],[68.01,69.48],[69.14,68.95],[68.37,68.31],[63.36,69.68],[61.02,69.85],[60.17,69.59],[60.93,68.99],[59.1,68.44],[59.06,69.01],[57.13,68.55],[55.42,68.57],[54.86,68.2],[53.93,68.44],[53.8,69],[50.84,68.35],[48.88,67.73],[47.87,67.58],[47.66,66.98],[45.99,66.85],[44.94,67.35],[45.53,67.76],[46.69,67.85],[45.89,68.48],[43.4,68.61],[44.17,68.33],[43.78,67.25],[44.49,66.67],[44.1,66.01],[43.23,66.42],[42.21,66.52],[39.82,65.6],[40.44,64.78],[39.76,64.58],[36.88,65.17],[36.53,64.85],[37.95,64.32],[37.44,63.81],[36.36,64],[34.87,64.56],[34.41,65.4],[34.79,65.86],[31.9,67.16],[35.51,66.4],[38.4,66.06],[40.52,66.45],[41.36,67.21],[40.97,67.71],[38.43,68.36],[35.86,69.19],[32.38,69.48],[32.94,69.75],[31.98,69.95],[30.87,69.78],[28.97,69.02],[28.69,68.19],[29.98,67.69],[29.09,66.97],[29.9,66.09],[29.6,64.97],[30.5,64.02],[30,63.75],[31.53,62.89],[31.29,62.57],[29.69,61.55],[27.8,60.54],[28.51,60.68],[29.15,60],[28.01,59.72],[28.01,59.48],[27.46,58.84],[27.75,57.84],[27.35,57.53],[27.8,57.32],[27.64,56.85],[28.15,56.14],[30.23,55.85],[30.91,55.57],[31.12,54.65],[31.75,53.81],[32.45,53.69],[32.7,53.34],[32.14,53.09],[31.42,53.2],[31.76,52.1],[32.51,52.31],[33.74,52.34],[34.4,51.78],[34.23,51.24],[35.06,51.2],[35.41,50.54],[36.62,50.21],[37.42,50.41],[38.26,50.05],[40.03,49.6],[39.99,48.85],[39.64,48.59],[39.96,48.27],[39.74,47.84],[38.9,47.86],[38.29,47.56],[38.21,47.09]]],[[[-179.8,68.94],[-180,68.74],[-180,68.49],[-180,68.25],[-180,68],[-180,67.76],[-180,67.51],[-180,67.27],[-180,67.03],[-180,66.78],[-180,66.54],[-180,66.29],[-180,66.05],[-180,65.8],[-180,65.56],[-180,65.31],[-180,65.07],[-179.35,65.52],[-179.78,66.02],[-179.11,66.35],[-178.31,65.48],[-176.09,65.47],[-175.4,64.8],[-173.01,64.3],[-173,64.88],[-172.21,65.43],[-170.67,65.62],[-170.24,66.17],[-171.8,66.93],[-174.45,67.1],[-174.39,66.34],[-174.92,66.62],[-174.85,67.35],[-175.35,67.68],[-178.69,68.55],[-179.8,68.94]]],[[[50.28,80.93],[46.64,80.3],[47.63,80.11],[51.7,80.69],[50.28,80.93]]],[[[67.77,76.24],[68.9,76.57],[67.53,77.01],[65.86,76.61],[62.97,76.24],[58.88,75.85],[57.09,75.38],[54.64,73.96],[53.76,73.77],[54.3,73.35],[56.96,73.37],[59.1,74.51],[61.36,75.31],[67.77,76.24]]],[[[55.32,73.31],[53.2,73.15],[51.81,71.49],[53.36,71.54],[54.16,71.13],[53.38,70.87],[54.6,70.68],[57.15,70.59],[57.63,70.73],[56.04,71.35],[55.3,71.94],[55.36,72.47],[56.43,73.2],[55.32,73.31]]],[[[96.53,81.08],[93.07,80.99],[91.52,80.36],[93.87,80.01],[94.57,80.13],[97.18,80.24],[97.83,80.8],[96.53,81.08]]],[[[97.67,80.16],[94.99,80.1],[93.07,79.5],[94.79,79.09],[99.44,78.83],[100.06,79.78],[97.67,80.16]]],[[[102.88,79.25],[101.2,79.2],[99.29,78.04],[103.72,78.26],[105.15,78.82],[102.88,79.25]]],[[[140.05,75.83],[138.92,76.2],[137.27,75.75],[137.22,75.12],[139.1,74.66],[142.62,75.13],[144.02,75.04],[145.26,75.59],[141.49,76.14],[140.82,75.63],[140.05,75.83]]],[[[146.8,75.37],[146.15,75.2],[148.09,74.83],[150.65,74.94],[148.43,75.41],[146.8,75.37]]],[[[178.86,70.83],[180,70.99],[180,71.54],[178.89,71.23],[178.86,70.83]]],[[[142.76,54.39],[142.53,53.45],[141.82,53.34],[141.72,51.74],[142.21,51.22],[142.14,49.57],[141.87,48.75],[142.18,48.01],[141.83,46.45],[142.08,45.92],[142.58,46.7],[143.28,46.56],[142.56,47.74],[143.1,49.2],[143.73,49.31],[144.62,48.81],[143.82,50.28],[143.16,52.08],[143.22,53.3],[142.76,54.39]]],[[[-178.88,71.58],[-180,71.54],[-180,70.99],[-177.82,71.07],[-178.88,71.58]]],[[[50.27,69.19],[49.23,69.51],[48.28,69.04],[48.67,68.73],[50.27,69.19]]],[[[62.17,80.83],[59.59,80.82],[61.05,80.42],[62.17,80.83]]],[[[54.72,81.12],[55.71,80.64],[57.69,80.79],[54.72,81.12]]],[[[142.18,73.9],[140.38,73.48],[143.49,73.25],[142.18,73.9]]],[[[169.2,69.58],[169.37,69.88],[167.79,69.84],[169.2,69.58]]],[[[163.64,58.6],[164.62,58.89],[164.57,59.22],[163.76,59.02],[163.64,58.6]]],[[[166.65,54.84],[166.28,55.31],[165.75,55.29],[166.65,54.84]]],[[[155.92,50.3],[156.1,50.77],[155.24,50.09],[155.92,50.3]]],[[[149.69,45.64],[150.55,46.21],[149.67,45.84],[149.69,45.64]]],[[[148.6,45.32],[147.89,45.23],[147.25,44.86],[148.6,45.32]]],[[[146.21,44.5],[145.59,43.85],[146.57,44.44],[146.21,44.5]]],[[[113.39,74.4],[111.5,74.35],[112.78,74.1],[113.39,74.4]]],[[[60.45,69.93],[59.01,70.47],[58.95,69.89],[60.45,69.93]]],[[[20.96,55.28],[20.9,55.29],[19.97,54.92],[19.6,54.46],[22.77,54.36],[22.57,55.06],[21.24,55.26],[20.96,55.28]]]]},"properties":{"ISO_A3":"RUS","ADM0_A3":"RUS","ISO_A2":"RU","NAME":"Russia","NAME_LONG":"Russian Federation","NAME_IT":"Russia","ADMIN":"Russia"}},
{"type":"Feature","geometry":{"type":"Polygon","coordinates":[[[28.21,45.45],[28.24,46.45],[28.07,46.98],[26.62,48.26],[26.16,47.99],[24.89,47.72],[23.2,48.08],[22.88,47.95],[22.29,47.73],[21.04,46.24],[20.24,46.11],[20.77,45.48],[21.49,45.12],[21.36,44.86],[22.09,44.54],[22.5,44.71],[22.71,44.24],[23.22,43.87],[25.5,43.67],[27.09,44.17],[28.59,43.74],[28.65,44.3],[29.05,44.76],[29.56,44.84],[29.71,45.26],[28.76,45.23],[28.21,45.45]]]},"properties":{"ISO_A3":"ROU","ADM0_A3":"ROU","ISO_A2":"RO","NAME":"Romania","NAME_LONG":"Romania","NAME_IT":"Romania","ADMIN":"Romania"}},
{"type":"Feature","geometry":{"type":"Polygon","coordinates":[[[51.27,24.61],[51.6,25.15],[51.54,25.9],[51.26,26.15],[50.76,25.44],[50.8,24.79],[51.27,24.61]]]},"properties":{"ISO_A3":"QAT","ADM0_A3":"QAT","ISO_A2":"QA","NAME":"Qatar","NAME_LONG":"Qatar","NAME_IT":"Qatar","ADMIN":"Qatar"}},
{"type":"Feature","geometry":{"type":"Polygon","coordinates":[[[-8.78,41.94],[-8.66,41.03],[-9.47,38.73],[-8.88,38.45],[-8.81,37.43],[-9,37.03],[-7.83,37.01],[-7.41,37.18],[-7.5,37.59],[-7.11,38.18],[-7.34,38.46],[-7,39.06],[-7.54,39.66],[-7.04,39.71],[-6.81,40.34],[-6.93,41.01],[-6.21,41.53],[-6.62,41.94],[-7.4,41.83],[-8.78,41.94]]]},"properties":{"ISO_A3":"PRT","ADM0_A3":"PRT","ISO_A2":"PT","NAME":"Portugal","NAME_LONG":"Portugal","NAME_IT":"Portogallo","ADMIN":"Portugal"}},
{"type":"Feature","geometry":{"type":"Polygon","coordinates":[[[23.61,51.52],[23.6,52.1],[23.2,52.26],[23.84,52.66],[23.48,53.94],[22.77,54.36],[19.6,54.46],[18.67,54.43],[18.32,54.84],[16.56,54.55],[16.19,54.29],[14.21,53.95],[14.21,53.87],[14.26,53.73],[14.14,52.93],[14.62,52.53],[14.6,51.83],[15.02,51.25],[14.81,50.86],[16.42,50.57],[17.87,49.97],[18.56,49.88],[18.83,49.51],[19.44,49.6],[19.76,49.2],[21.64,49.41],[22.54,49.07],[22.65,49.54],[24.11,50.84],[23.61,51.52]]]},"properties":{"ISO_A3":"POL","ADM0_A3":"POL","ISO_A2":"PL","NAME":"Poland","NAME_LONG":"Poland","NAME_IT":"Polonia","ADMIN":"Poland"}},
{"type":"Feature","geometry":{"type":"MultiPolygon","coordinates":[[[[121.1,18.62],[120.6,18.51],[120.36,17.64],[120.39,16.22],[119.83,16.33],[120.08,14.85],[120.44,14.45],[120.58,14.88],[120.92,14.49],[120.64,13.8],[121.2,13.64],[121.78,13.94],[122.68,13.25],[122.47,13.89],[123.16,13.44],[123.31,13.04],[123.95,12.92],[123.55,13.65],[123.86,13.8],[123.32,14.06],[123.23,13.75],[122.86,14.25],[122.49,14.32],[122.21,13.93],[121.8,14.11],[121.39,15.32],[121.6,15.93],[122.14,16.18],[122.52,17.12],[122.15,17.76],[122.3,18.4],[121.85,18.3],[121.1,18.62]]],[[[117.31,8.44],[118.43,9.26],[118.78,9.92],[119.19,10.06],[119.68,10.55],[119.5,11.35],[119.29,10.57],[118.11,9.35],[117.35,8.71],[117.31,8.44]]],[[[122.5,11.62],[122.1,11.64],[121.99,10.46],[122.77,10.82],[123.16,11.54],[122.5,11.62]]],[[[123.13,9.06],[123.31,9.36],[123.16,9.86],[123.57,10.78],[122.98,10.89],[122.86,10.09],[122.47,9.96],[122.56,9.48],[123.13,9.06]]],[[[124.57,11.34],[124.45,10.92],[124.79,10.78],[124.78,10.17],[125.25,10.26],[124.93,11.37],[124.57,11.34]]],[[[125.24,12.53],[124.29,12.57],[125.23,11.15],[125.7,11.16],[125.51,11.54],[125.54,12.19],[125.24,12.53]]],[[[120.7,13.48],[120.4,13.52],[120.92,12.51],[121.24,12.22],[121.54,12.64],[121.52,13.13],[121.2,13.43],[120.7,13.48]]],[[[126.01,9.32],[125.52,9.76],[125.5,9.01],[124.87,8.97],[124.16,8.2],[123.75,8.06],[123.85,8.43],[123.43,8.7],[123,8.22],[122.13,7.81],[121.96,6.97],[122.18,7],[122.5,7.67],[123.1,7.7],[123.39,7.41],[123.49,7.81],[124.21,7.4],[123.99,6.99],[124.21,6.23],[125.29,5.63],[125.67,5.98],[125.4,6.8],[125.82,7.33],[126.19,6.31],[126.19,6.85],[126.58,7.25],[126.32,8.84],[126.01,9.32]]],[[[123.37,9.45],[124.05,10.59],[124.04,11.27],[123.39,9.97],[123.37,9.45]]],[[[124.59,9.79],[124.17,10.14],[123.94,9.62],[124.59,9.79]]],[[[123.72,12.29],[123.24,12.58],[123.16,11.93],[123.72,12.29]]],[[[124.35,13.63],[124.22,14.08],[124.04,13.66],[124.35,13.63]]]]},"properties":{"ISO_A3":"PHL","ADM0_A3":"PHL","ISO_A2":"PH","NAME":"Philippines","NAME_LONG":"Philippines","NAME_IT":"Filippine","ADMIN":"Philippines"}},
{"type":"Feature","geometry":{"type":"Polygon","coordinates":[[[-69.97,-4.24],[-70.34,-3.81],[-70.74,-3.78],[-70.07,-2.75],[-70.91,-2.22],[-71.4,-2.33],[-71.75,-2.15],[-72.4,-2.43],[-73.15,-2.28],[-73.2,-1.83],[-73.66,-1.25],[-74.25,-0.97],[-74.8,-0.2],[-75.28,-0.11],[-75.63,-0.16],[-75.26,-0.56],[-75.57,-1.53],[-76.09,-2.13],[-76.68,-2.56],[-77.86,-2.98],[-78.35,-3.4],[-78.69,-4.56],[-79.08,-4.99],[-79.64,-4.45],[-80.51,-4.07],[-80.18,-3.88],[-80.32,-3.39],[-81.28,-4.32],[-81.34,-4.67],[-80.88,-5.76],[-81.14,-6.06],[-80.11,-6.65],[-79.38,-7.84],[-78.76,-8.62],[-77.63,-11.29],[-77.22,-11.66],[-76.18,-13.52],[-76.38,-13.86],[-75.93,-14.63],[-75.1,-15.41],[-73.82,-16.15],[-72.47,-16.71],[-71.53,-17.29],[-71.34,-17.68],[-70.42,-18.35],[-69.93,-18.21],[-69.85,-17.7],[-69.51,-17.51],[-69.62,-17.2],[-69.02,-16.64],[-69.42,-15.6],[-69.17,-15.24],[-69.37,-14.96],[-68.88,-14.2],[-69.07,-13.68],[-68.98,-12.88],[-68.69,-12.5],[-69.58,-10.95],[-70.64,-11.01],[-70.64,-9.48],[-71.24,-9.97],[-72.18,-10],[-72.38,-9.51],[-73.21,-9.41],[-72.97,-8.99],[-73.55,-8.35],[-74,-7.56],[-73.76,-6.91],[-73.24,-6.56],[-73.24,-6.1],[-72.89,-5.12],[-71.84,-4.5],[-70.97,-4.35],[-70.8,-4.17],[-69.97,-4.24]]]},"properties":{"ISO_A3":"PER","ADM0_A3":"PER","ISO_A2":"PE","NAME":"Peru","NAME_LONG":"Peru","NAME_IT":"Perù","ADMIN":"Peru"}},
{"type":"Feature","geometry":{"type":"Polygon","coordinates":[[[-58.16,-20.16],[-58.18,-19.82],[-59.09,-19.29],[-60.01,-19.3],[-61.76,-19.65],[-62.28,-20.56],[-62.28,-21.07],[-62.65,-22.23],[-61.93,-23.06],[-60.84,-23.86],[-59.89,-24.09],[-59.37,-24.45],[-57.82,-25.14],[-57.59,-25.41],[-58.64,-27.2],[-56.44,-27.55],[-55.71,-27.41],[-55.43,-27.01],[-54.83,-26.65],[-54.62,-25.58],[-54.24,-24.05],[-54.63,-23.81],[-55.37,-23.99],[-55.62,-22.67],[-55.85,-22.31],[-56.39,-22.09],[-56.94,-22.27],[-57.96,-22.11],[-57.83,-21],[-58.16,-20.16]]]},"properties":{"ISO_A3":"PRY","ADM0_A3":"PRY","ISO_A2":"PY","NAME":"Paraguay","NAME_LONG":"Paraguay","NAME_IT":"Paraguay","ADMIN":"Paraguay"}},
{"type":"Feature","geometry":{"type":"MultiPolygon","coordinates":[[[[152.97,-4.76],[153.02,-4.11],[152.18,-3.41],[150.83,-2.57],[150.83,-2.71],[152.19,-3.51],[152.6,-3.99],[152.97,-4.76]]],[[[151.92,-4.3],[151.54,-4.3],[151.67,-4.88],[151.33,-4.96],[150.95,-5.42],[149.25,-5.57],[148.34,-5.54],[148.4,-5.77],[149.65,-6.29],[150.43,-6.28],[151.23,-5.92],[151.52,-5.55],[152.14,-5.36],[152.01,-5],[152.4,-4.73],[152.41,-4.34],[151.92,-4.3]]],[[[140.98,-9.12],[142.23,-9.17],[142.65,-9.33],[143.37,-8.96],[143.09,-8.31],[143.61,-8.2],[144.51,-7.57],[146.03,-8.08],[146.7,-9.03],[147.77,-10.07],[149.75,-10.35],[150.32,-10.65],[150.67,-10.26],[149.87,-10.01],[149.97,-9.66],[149.2,-9.41],[149.25,-9.07],[148.58,-9.05],[148.13,-8.1],[147.19,-7.38],[147.12,-6.72],[147.85,-6.66],[147.8,-6.32],[145.75,-5.4],[145.77,-4.82],[144.48,-3.83],[144.02,-3.78],[143.51,-3.43],[142.21,-3.08],[140.97,-2.61],[140.97,-4.23],[140.98,-6.91],[140.98,-9.12]]],[[[147.07,-1.96],[146.55,-2.21],[147.21,-2.18],[147.07,-1.96]]],[[[150.53,-9.35],[150.44,-9.62],[150.89,-9.67],[150.53,-9.35]]],[[[155.96,-6.69],[155.09,-5.62],[154.73,-5.44],[154.78,-5.97],[155.34,-6.72],[155.96,-6.69]]]]},"properties":{"ISO_A3":"PNG","ADM0_A3":"PNG","ISO_A2":"PG","NAME":"Papua New Guinea","NAME_LONG":"Papua New Guinea","NAME_IT":"Papua Nuova Guinea","ADMIN":"Papua New Guinea"}},
{"type":"Feature","geometry":{"type":"Polygon","coordinates":[[[-77.37,8.66],[-78.08,9.24],[-79.58,9.6],[-80.13,9.21],[-81.35,8.78],[-82.24,9.03],[-82.56,9.58],[-82.94,9.45],[-82.74,8.95],[-82.92,8.74],[-82.86,8.45],[-83.02,8.32],[-82.88,8.07],[-82.68,8.32],[-81.73,8.14],[-81.5,7.72],[-81.16,7.85],[-80.85,7.22],[-80.01,7.5],[-80.46,8.08],[-79.75,8.6],[-79.44,9.01],[-79.09,9],[-78.11,8.38],[-78.42,8.06],[-77.9,7.23],[-77.2,7.97],[-77.37,8.66]]]},"properties":{"ISO_A3":"PAN","ADM0_A3":"PAN","ISO_A2":"PA","NAME":"Panama","NAME_LONG":"Panama","NAME_IT":"Panama","ADMIN":"Panama"}},
{"type":"Feature","geometry":{"type":"Polygon","coordinates":[[[134.6,7.38],[134.65,7.71],[134.52,7.53],[134.6,7.38]]]},"properties":{"ISO_A3":"PLW","ADM0_A3":"PLW","ISO_A2":"PW","NAME":"Palau","NAME_LONG":"Palau","NAME_IT":"Palau","ADMIN":"Palau"}},
{"type":"Feature","geometry":{"type":"Polygon","coordinates":[[[76.77,35.66],[76.15,35.83],[75.84,36.65],[74.54,37.02],[72.62,36.83],[71.62,36.44],[71.19,36.04],[71.62,35.18],[70.97,34.53],[71.05,34.05],[69.87,33.9],[70.28,33.37],[69.5,33.02],[69.24,32.43],[69.28,31.94],[68.87,31.63],[68.16,31.8],[66.92,31.31],[66.4,30.91],[66.18,29.84],[64.1,29.39],[63.57,29.5],[62.48,29.41],[60.84,29.86],[61.89,28.55],[62.76,28.2],[62.75,27.27],[63.31,27.12],[63.17,26.67],[62.44,26.56],[61.87,26.24],[61.59,25.2],[63.49,25.21],[63.56,25.35],[64.66,25.18],[66.43,25.58],[66.7,24.86],[67.17,24.76],[67.31,24.17],[67.67,23.81],[68.17,23.86],[68.72,23.96],[68.73,24.27],[69.72,24.17],[71.04,24.4],[70.65,25.67],[70.1,25.91],[70.16,26.47],[69.47,26.8],[69.57,27.17],[70.4,28.03],[70.74,27.73],[71.87,27.96],[72.34,28.75],[72.9,29.03],[73.38,29.93],[74.63,31.03],[74.51,31.71],[75.33,32.28],[74.66,32.52],[73.99,33.24],[74.15,33.51],[73.81,34.33],[74.3,34.77],[75.71,34.5],[76.59,34.74],[77.05,35.11],[76.77,35.66]]]},"properties":{"ISO_A3":"PAK","ADM0_A3":"PAK","ISO_A2":"PK","NAME":"Pakistan","NAME_LONG":"Pakistan","NAME_IT":"Pakistan","ADMIN":"Pakistan"}},
{"type":"Feature","geometry":{"type":"MultiPolygon","coordinates":[[[[53.09,16.65],[54.07,17.01],[55.06,17.04],[55.48,17.84],[56.27,17.95],[56.66,18.59],[57.18,18.9],[57.81,19.02],[57.72,19.61],[58.1,20.57],[58.47,20.41],[58.9,21.11],[59.37,21.5],[59.8,22.22],[58.58,23.64],[57.22,23.92],[56.64,24.47],[56.39,24.98],[55.8,24.87],[55.76,24.24],[55.47,23.94],[55.19,22.7],[55.64,22],[54.98,20],[51.98,19],[53.09,16.65]]],[[[56.3,25.65],[56.43,26.33],[56.08,26.06],[56.3,25.65]]]]},"properties":{"ISO_A3":"OMN","ADM0_A3":"OMN","ISO_A2":"OM","NAME":"Oman","NAME_LONG":"Oman","NAME_IT":"Oman","ADMIN":"Oman"}},
{"type":"Feature","geometry":{"type":"MultiPolygon","coordinates":[[[[20.62,69.04],[21.62,69.27],[22.41,68.72],[23.85,68.81],[24.94,68.59],[25.75,68.99],[26.53,69.92],[27.89,70.06],[29.14,69.67],[28.97,69.02],[30.87,69.78],[29.6,69.98],[30.94,70.27],[29.1,70.86],[28.17,70.29],[28.39,70.98],[26.59,70.41],[26.51,70.91],[25.04,70.11],[25.77,70.85],[24.76,71.01],[23.38,70.25],[21.36,70.23],[21.43,70.01],[19.2,69.75],[17.39,68.8],[15.05,67.96],[14.96,67.57],[13.21,66.64],[13.12,66.23],[11.52,64.74],[9.61,63.79],[8.4,63.54],[8.1,63.09],[5.14,62.16],[4.93,61.71],[5.32,61.11],[5.13,59.23],[5.95,59.3],[5.71,58.52],[6.56,58.12],[8.17,58.15],[9.62,58.95],[10.18,59.01],[10.57,59.59],[11.39,59.04],[11.68,59.59],[12.49,60.11],[12.29,61],[12.88,61.35],[12.16,61.72],[12.3,62.29],[12,63.29],[12.66,63.94],[13.96,64.01],[13.65,64.58],[14.48,65.3],[14.54,66.13],[16.4,67.05],[16.13,67.43],[17.32,68.1],[17.92,67.96],[18.38,68.56],[19.97,68.36],[20.62,69.04]]],[[[17.5,69.6],[17.16,69.03],[17.95,69.2],[17.5,69.6]]],[[[21.61,78.6],[20.36,78.51],[21.65,77.92],[21.05,77.44],[22.8,77.28],[24.9,77.76],[23.12,77.99],[21.61,78.6]]],[[[20.9,80.25],[19.61,80.46],[18.73,79.76],[20.86,79.4],[23.95,79.19],[27.2,79.91],[24.3,80.36],[22.29,80.05],[20.9,80.25]]],[[[16.79,79.91],[15.82,79.68],[16.29,78.98],[14.59,79.8],[13.96,79.34],[10.87,79.8],[11.77,78.72],[13.15,78.24],[16.78,78.66],[16.78,78.35],[13.68,78.03],[14.49,77.2],[16.7,76.58],[18.44,78.03],[19.77,78.62],[21.39,78.74],[19.09,79.16],[16.79,79.91]]]]},"properties":{"ISO_A3":"-99","ADM0_A3":"NOR","ISO_A2":"-99","NAME":"Norway","NAME_LONG":"Norway","NAME_IT":"Norvegia","ADMIN":"Norway"}},
{"type":"Feature","geometry":{"type":"Polygon","coordinates":[[[128.37,38.62],[127.39,39.21],[127.57,39.78],[128.3,40.04],[129.71,40.86],[129.76,41.71],[130.69,42.3],[130.53,42.54],[129.9,43],[129.72,42.48],[128.92,42.04],[128.05,41.99],[128.11,41.39],[127.18,41.53],[126.9,41.78],[125.99,40.9],[124.89,40.46],[124.36,40],[125.36,39.53],[125.31,38.67],[124.69,38.13],[125.36,37.72],[125.77,37.99],[126.63,37.78],[127.17,38.3],[128.04,38.31],[128.37,38.62]]]},"properties":{"ISO_A3":"PRK","ADM0_A3":"PRK","ISO_A2":"KP","NAME":"North Korea","NAME_LONG":"Dem. Rep. Korea","NAME_IT":"Corea del Nord","ADMIN":"North Korea"}},
{"type":"Feature","geometry":{"type":"Polygon","coordinates":[[[13.61,13.7],[12.65,13.33],[12.46,13.09],[11.41,13.35],[10.18,13.27],[9.62,12.81],[8.75,12.91],[7.79,13.34],[7.06,13],[6.39,13.6],[5.49,13.87],[4.15,13.46],[3.95,12.78],[3.65,12.53],[3.6,11.7],[3.49,11.4],[3.83,10.61],[3.04,9.08],[2.77,9.05],[2.69,7.87],[2.71,6.37],[4.13,6.41],[4.86,6.03],[5.39,5.4],[5.59,4.65],[6.08,4.29],[7.28,4.55],[8.29,4.56],[8.56,4.76],[9.06,6.01],[10.14,7],[10.61,7.06],[11.15,6.44],[11.86,7.12],[12.4,8.6],[12.81,8.89],[12.93,9.43],[13.89,11.14],[14.56,11.49],[14.63,12.11],[14.2,12.38],[14.06,13.08],[13.61,13.7]]]},"properties":{"ISO_A3":"NGA","ADM0_A3":"NGA","ISO_A2":"NG","NAME":"Nigeria","NAME_LONG":"Nigeria","NAME_IT":"Nigeria","ADMIN":"Nigeria"}},
{"type":"Feature","geometry":{"type":"Polygon","coordinates":[[[13.61,13.7],[13.45,14.38],[14.37,15.75],[15.47,16.91],[15.74,19.9],[15.95,20.3],[15.18,21.52],[14.98,23],[14.23,22.62],[13.48,23.18],[11.97,23.52],[9.38,21.99],[7.48,20.87],[5.84,19.48],[4.23,19.14],[4.23,17],[3.88,15.76],[3.5,15.36],[1.3,15.27],[0.96,14.99],[0.22,14.91],[0.16,14.5],[0.62,13.7],[1.2,13.36],[0.99,13.04],[1.56,12.64],[2.07,12.71],[2.39,11.9],[2.37,12.22],[2.88,12.37],[3.6,11.7],[3.65,12.53],[3.95,12.78],[4.15,13.46],[5.49,13.87],[6.39,13.6],[7.06,13],[7.79,13.34],[8.75,12.91],[9.62,12.81],[10.18,13.27],[11.41,13.35],[12.46,13.09],[12.65,13.33],[13.61,13.7]]]},"properties":{"ISO_A3":"NER","ADM0_A3":"NER","ISO_A2":"NE","NAME":"Niger","NAME_LONG":"Niger","NAME_IT":"Niger","ADMIN":"Niger"}},
{"type":"Feature","geometry":{"type":"Polygon","coordinates":[[[-83.16,14.99],[-84.54,14.63],[-84.86,14.81],[-85.79,13.84],[-86.04,14.05],[-86.73,13.76],[-86.71,13.31],[-87.34,12.98],[-87.67,12.9],[-86.76,12.16],[-85.74,11.06],[-84.35,10.98],[-83.81,10.74],[-83.64,10.92],[-83.87,11.3],[-83.65,11.64],[-83.75,12.5],[-83.58,12.67],[-83.41,14],[-83.19,14.34],[-83.16,14.99]]]},"properties":{"ISO_A3":"NIC","ADM0_A3":"NIC","ISO_A2":"NI","NAME":"Nicaragua","NAME_LONG":"Nicaragua","NAME_IT":"Nicaragua","ADMIN":"Nicaragua"}},
{"type":"Feature","geometry":{"type":"MultiPolygon","coordinates":[[[[173.12,-41.28],[172.64,-40.52],[172.14,-40.95],[172.01,-41.44],[171.49,-41.79],[171.25,-42.4],[170.74,-42.93],[168.81,-43.99],[168.37,-44.08],[167.03,-45.12],[167.16,-45.41],[166.51,-45.81],[166.73,-46.2],[167.68,-46.19],[168.38,-46.61],[169.69,-46.55],[170.7,-45.68],[171.44,-44.14],[172.18,-43.9],[173.07,-43.87],[172.73,-43.35],[173.22,-42.98],[174.28,-41.74],[174.3,-41.02],[173.74,-40.99],[173.12,-41.28]]],[[[168.14,-46.86],[167.78,-46.7],[167.52,-47.26],[168.14,-46.86]]],[[[173.27,-34.93],[173.12,-35.21],[174.19,-36.49],[174.93,-37.8],[174.6,-38.79],[173.84,-39.14],[173.93,-39.51],[175.01,-39.95],[175.25,-40.29],[174.64,-41.29],[175.31,-41.61],[175.98,-41.21],[177.11,-39.67],[176.95,-39.37],[177.41,-39.08],[177.91,-39.24],[178.54,-37.69],[178.01,-37.55],[177.34,-37.99],[176.04,-37.6],[175.88,-36.96],[175.46,-36.48],[175.54,-37.2],[174.72,-36.84],[174.8,-36.31],[174.32,-35.25],[173.27,-34.93]]],[[[-176.18,-43.74],[-176.85,-43.82],[-176.33,-44.05],[-176.18,-43.74]]]]},"properties":{"ISO_A3":"NZL","ADM0_A3":"NZL","ISO_A2":"NZ","NAME":"New Zealand","NAME_LONG":"New Zealand","NAME_IT":"Nuova Zelanda","ADMIN":"New Zealand"}},
{"type":"Feature","geometry":{"type":"Polygon","coordinates":[[[-169.8,-19.08],[-169.83,-18.97],[-169.95,-19.07],[-169.8,-19.08]]]},"properties":{"ISO_A3":"NIU","ADM0_A3":"NIU","ISO_A2":"NU","NAME":"Niue","NAME_LONG":"Niue","NAME_IT":"Niue","ADMIN":"Niue"}},
{"type":"Feature","geometry":{"type":"Polygon","coordinates":[[[-159.74,-21.25],[-159.77,-21.19],[-159.84,-21.24],[-159.74,-21.25]]]},"properties":{"ISO_A3":"COK","ADM0_A3":"COK","ISO_A2":"CK","NAME":"Cook Is.","NAME_LONG":"Cook Islands","NAME_IT":"Isole Cook","ADMIN":"Cook Islands"}},
{"type":"Feature","geometry":{"type":"Polygon","coordinates":[[[5.99,50.75],[6.19,51.49],[5.95,51.76],[6.74,51.91],[7.2,53.28],[6.06,53.41],[4.68,52.81],[4.48,52.31],[3.45,51.54],[4.23,51.39],[4.5,51.47],[5.83,51.13],[5.99,50.75]]]},"properties":{"ISO_A3":"NLD","ADM0_A3":"NLD","ISO_A2":"NL","NAME":"Netherlands","NAME_LONG":"Netherlands","NAME_IT":"Paesi Bassi","ADMIN":"Netherlands"}},
{"type":"Feature","geometry":{"type":"Polygon","coordinates":[[[-69.9,12.45],[-70.04,12.61],[-70.07,12.55],[-69.9,12.45]]]},"properties":{"ISO_A3":"ABW","ADM0_A3":"ABW","ISO_A2":"AW","NAME":"Aruba","NAME_LONG":"Aruba","NAME_IT":"Aruba","ADMIN":"Aruba"}},
{"type":"Feature","geometry":{"type":"Polygon","coordinates":[[[-68.75,12.06],[-69.15,12.3],[-69,12.14],[-68.75,12.06]]]},"properties":{"ISO_A3":"CUW","ADM0_A3":"CUW","ISO_A2":"CW","NAME":"Curaçao","NAME_LONG":"Curaçao","NAME_IT":"Curaçao","ADMIN":"Curaçao"}},
{"type":"Feature","geometry":{"type":"Polygon","coordinates":[[[88.11,27.87],[87.14,27.84],[86.55,28.09],[85.95,27.93],[85.68,28.28],[85.12,28.32],[84.1,29.22],[83.58,29.18],[83.16,29.61],[82.16,30.12],[82.04,30.33],[81.01,30.16],[80.55,29.9],[80.07,28.83],[81.17,28.34],[81.85,27.87],[83.29,27.37],[84.09,27.49],[85.29,26.74],[87.29,26.36],[88.05,26.43],[88.11,27.87]]]},"properties":{"ISO_A3":"NPL","ADM0_A3":"NPL","ISO_A2":"NP","NAME":"Nepal","NAME_LONG":"Nepal","NAME_IT":"Nepal","ADMIN":"Nepal"}},
{"type":"Feature","geometry":{"type":"Polygon","coordinates":[[[166.96,-0.52],[166.91,-0.5],[166.92,-0.55],[166.96,-0.52]]]},"properties":{"ISO_A3":"NRU","ADM0_A3":"NRU","ISO_A2":"NR","NAME":"Nauru","NAME_LONG":"Nauru","NAME_IT":"Nauru","ADMIN":"Nauru"}},
{"type":"Feature","geometry":{"type":"Polygon","coordinates":[[[23.38,-17.64],[21.42,-18],[19.08,-17.82],[18.4,-17.4],[16.53,-17.39],[13.94,-17.39],[13.1,-16.97],[12.55,-17.21],[11.74,-17.25],[11.78,-18],[12.46,-18.93],[13.17,-20.18],[13.45,-20.92],[14.32,-22.19],[14.5,-24.2],[14.84,-25.03],[14.97,-26.32],[15.34,-27.39],[15.72,-27.97],[16.45,-28.62],[17.06,-28.03],[17.45,-28.7],[19.16,-28.94],[19.98,-28.45],[19.98,-24.78],[19.98,-22],[20.97,-22],[20.97,-18.32],[23.3,-18.03],[23.58,-18.45],[24.36,-17.98],[25.26,-17.79],[24.93,-17.54],[24.27,-17.48],[23.38,-17.64]]]},"properties":{"ISO_A3":"NAM","ADM0_A3":"NAM","ISO_A2":"NA","NAME":"Namibia","NAME_LONG":"Namibia","NAME_IT":"Namibia","ADMIN":"Namibia"}},
{"type":"Feature","geometry":{"type":"Polygon","coordinates":[[[31.29,-22.4],[31.55,-23.48],[31.99,-24.46],[31.95,-25.96],[32.11,-26.84],[32.89,-26.85],[32.85,-26.27],[32.59,-26],[33.35,-25.26],[35.16,-24.54],[35.58,-22.96],[34.98,-20.81],[34.71,-20.47],[34.76,-19.82],[36.33,-18.79],[37.24,-17.74],[38.14,-17.24],[39.08,-16.97],[39.84,-16.44],[40.56,-15.47],[40.84,-14.79],[40.65,-14.54],[40.58,-12.64],[40.4,-11.33],[40.61,-10.66],[40.46,-10.46],[39.99,-10.82],[38.49,-11.41],[37.92,-11.29],[37.37,-11.71],[36.52,-11.72],[35.79,-11.45],[34.96,-11.58],[34.66,-11.59],[34.36,-12.21],[34.56,-13.36],[35.25,-13.9],[35.85,-14.67],[35.76,-16.06],[35.36,-16.16],[35.17,-16.56],[35.29,-17.1],[34.4,-16.2],[34.25,-15.89],[34.54,-15.3],[34.33,-14.41],[33.64,-14.57],[33.2,-14.01],[30.23,-14.99],[30.4,-15.64],[30.44,-16],[31.24,-16.02],[31.94,-16.43],[32.95,-16.71],[32.99,-18.36],[32.72,-19],[33.01,-19.87],[32.48,-20.71],[32.37,-21.33],[31.29,-22.4]]]},"properties":{"ISO_A3":"MOZ","ADM0_A3":"MOZ","ISO_A2":"MZ","NAME":"Mozambique","NAME_LONG":"Mozambique","NAME_IT":"Mozambico","ADMIN":"Mozambique"}},
{"type":"Feature","geometry":{"type":"Polygon","coordinates":[[[-2.22,35.1],[-3.21,35.24],[-4.33,35.16],[-4.84,35.28],[-5.34,35.75],[-5.92,35.79],[-6.35,34.78],[-6.9,33.97],[-8.3,33.37],[-9.25,32.57],[-9.35,32.09],[-9.81,31.42],[-9.88,30.72],[-9.67,30.11],[-10.49,29.06],[-11.43,28.38],[-12.95,27.91],[-13.58,26.74],[-14.41,26.25],[-15.04,24.55],[-15.9,23.84],[-16.36,22.59],[-16.93,21.9],[-17,21.42],[-14.84,21.45],[-14.22,22.31],[-14.02,23.41],[-13.31,23.98],[-13.06,24.4],[-12.43,24.83],[-12.03,26.03],[-11.72,26.1],[-10.92,27.01],[-9.74,26.86],[-8.79,27.12],[-8.68,27.66],[-8.66,28.72],[-7.09,29.63],[-5.45,29.96],[-4.97,30.47],[-3.62,31.07],[-3.83,31.66],[-2.45,32.13],[-1.28,32.09],[-1.07,32.47],[-1.68,33.32],[-1.8,34.75],[-2.22,35.1]]]},"properties":{"ISO_A3":"MAR","ADM0_A3":"MAR","ISO_A2":"MA","NAME":"Morocco","NAME_LONG":"Morocco","NAME_IT":"Marocco","ADMIN":"Morocco"}},
{"type":"Feature","geometry":{"type":"Polygon","coordinates":[[[-17,21.42],[-17.05,20.81],[-16.96,21.33],[-13.02,21.33],[-13.03,23],[-12.02,23.47],[-12.02,26],[-8.68,26],[-8.68,27.29],[-8.68,27.66],[-8.79,27.12],[-9.74,26.86],[-10.92,27.01],[-11.72,26.1],[-12.03,26.03],[-12.43,24.83],[-13.06,24.4],[-13.31,23.98],[-14.02,23.41],[-14.22,22.31],[-14.84,21.45],[-17,21.42]]]},"properties":{"ISO_A3":"ESH","ADM0_A3":"SAH","ISO_A2":"EH","NAME":"W. Sahara","NAME_LONG":"Western Sahara","NAME_IT":"Sahara Occidentale","ADMIN":"Western Sahara"}},
{"type":"Feature","geometry":{"type":"Polygon","coordinates":[[[19.19,43.53],[18.44,42.97],[18.44,42.56],[18.52,42.43],[19.34,41.87],[19.65,42.63],[20.06,42.55],[20.34,42.83],[19.19,43.53]]]},"properties":{"ISO_A3":"MNE","ADM0_A3":"MNE","ISO_A2":"ME","NAME":"Montenegro","NAME_LONG":"Montenegro","NAME_IT":"Montenegro","ADMIN":"Montenegro"}},
{"type":"Feature","geometry":{"type":"Polygon","coordinates":[[[87.81,49.16],[87.98,48.56],[89.05,48],[90.31,47.68],[90.87,46.95],[91,46.04],[90.66,45.53],[90.88,45.2],[93.66,44.9],[94.71,44.35],[95.35,44.28],[95.91,43.21],[96.39,42.72],[97.21,42.79],[99.47,42.57],[99.98,42.68],[101.71,42.47],[101.97,42.22],[103.71,41.75],[104.5,41.88],[105.2,41.74],[106.77,42.29],[109.44,42.46],[110.4,42.77],[111.01,43.34],[111.93,43.71],[111.4,44.37],[111.9,45.06],[113.59,44.75],[114.52,45.36],[115.68,45.46],[116.56,46.29],[117.33,46.36],[118.31,46.72],[119.71,46.61],[119.71,47.15],[118.5,47.98],[117.77,47.99],[117.35,47.65],[116.76,47.87],[115.9,47.69],[115.56,47.95],[116.68,49.82],[115.27,49.95],[114.3,50.27],[113.06,49.62],[110.83,49.17],[108.61,49.32],[107.95,49.92],[107.23,49.99],[106.71,50.31],[105.38,50.47],[103.63,50.14],[102.29,50.59],[102.11,51.35],[99.92,51.76],[98.89,52.12],[97.95,51.35],[97.83,50.99],[98.28,50.53],[98.1,50.08],[97.21,49.73],[96.99,49.88],[94.61,50.02],[94.25,50.56],[93.1,50.6],[92.35,50.86],[89.64,49.9],[89.01,49.47],[88.19,49.45],[87.81,49.16]]]},"properties":{"ISO_A3":"MNG","ADM0_A3":"MNG","ISO_A2":"MN","NAME":"Mongolia","NAME_LONG":"Mongolia","NAME_IT":"Mongolia","ADMIN":"Mongolia"}},
{"type":"Feature","geometry":{"type":"Polygon","coordinates":[[[26.62,48.26],[28.07,46.98],[28.24,46.45],[28.21,45.45],[28.95,46.05],[29.15,46.53],[29.84,46.35],[29.88,46.83],[29.16,47.46],[29.09,47.98],[27.55,48.48],[26.62,48.26]]]},"properties":{"ISO_A3":"MDA","ADM0_A3":"MDA","ISO_A2":"MD","NAME":"Moldova","NAME_LONG":"Moldova","NAME_IT":"Moldavia","ADMIN":"Moldova"}},
{"type":"Feature","geometry":{"type":"Polygon","coordinates":[[[7.44,43.75],[7.41,43.77],[7.38,43.73],[7.44,43.75]]]},"properties":{"ISO_A3":"MCO","ADM0_A3":"MCO","ISO_A2":"MC","NAME":"Monaco","NAME_LONG":"Monaco","NAME_IT":"Principato di Monaco","ADMIN":"Monaco"}},
{"type":"Feature","geometry":{"type":"Polygon","coordinates":[[[-117.13,32.53],[-116.66,31.56],[-116.06,30.8],[-115.67,29.76],[-114.99,29.38],[-114.05,28.43],[-114.3,27.87],[-115.04,27.84],[-114.45,27.22],[-113.6,26.72],[-113.16,26.95],[-113.02,26.58],[-112.38,26.21],[-112.06,25.49],[-112.07,24.84],[-110.36,23.6],[-109.92,22.89],[-109.42,23.48],[-110.26,24.34],[-110.66,24.34],[-110.68,24.79],[-111.29,25.79],[-111.57,26.71],[-112.73,27.83],[-112.87,28.42],[-113.5,28.93],[-113.76,29.37],[-114.65,30.24],[-114.93,31.9],[-114.15,31.51],[-113.05,31.18],[-113.11,30.79],[-112.16,29.02],[-111.12,27.97],[-110.53,27.86],[-110.48,27.32],[-109.94,27.08],[-109.2,26.31],[-109.43,26.03],[-109.2,25.59],[-108.04,25.04],[-107.95,24.61],[-107.08,24.02],[-105.79,22.63],[-105.65,21.99],[-105.21,21.49],[-105.67,20.39],[-104.94,19.31],[-103.91,18.83],[-103.44,18.33],[-101.85,17.92],[-100.85,17.2],[-99.69,16.72],[-98.76,16.53],[-97.75,15.97],[-96.51,15.65],[-95.46,15.97],[-94.9,16.42],[-93.92,16.05],[-92.24,14.55],[-92.19,15.32],[-91.74,16.07],[-90.45,16.07],[-90.42,16.39],[-91.41,17.26],[-90.99,17.25],[-90.99,17.82],[-89.16,17.81],[-88.3,18.47],[-88.03,18.84],[-87.85,18.27],[-87.42,19.58],[-87.69,19.64],[-86.86,20.89],[-86.82,21.42],[-88.13,21.62],[-89.82,21.27],[-90.35,21.01],[-90.51,19.91],[-90.74,19.35],[-91.44,18.89],[-91.28,18.62],[-91.8,18.47],[-91.97,18.72],[-92.88,18.47],[-94.55,18.17],[-95.18,18.7],[-95.82,18.75],[-96.29,19.34],[-96.46,19.87],[-97.12,20.61],[-97.64,21.6],[-97.86,22.62],[-97.67,24.39],[-97.15,25.96],[-97.36,25.87],[-99.11,26.45],[-99.51,27.55],[-100.3,28.33],[-100.66,29.07],[-101.57,29.81],[-102.34,29.86],[-103.26,29],[-104.5,29.68],[-104.98,30.65],[-106.45,31.77],[-108.21,31.78],[-108.21,31.33],[-111.04,31.32],[-114.84,32.51],[-114.72,32.72],[-117.13,32.53]]]},"properties":{"ISO_A3":"MEX","ADM0_A3":"MEX","ISO_A2":"MX","NAME":"Mexico","NAME_LONG":"Mexico","NAME_IT":"Messico","ADMIN":"Mexico"}},
{"type":"Feature","geometry":{"type":"Polygon","coordinates":[[[57.65,-20.48],[57.66,-19.99],[57.39,-20.23],[57.65,-20.48]]]},"properties":{"ISO_A3":"MUS","ADM0_A3":"MUS","ISO_A2":"MU","NAME":"Mauritius","NAME_LONG":"Mauritius","NAME_IT":"Mauritius","ADMIN":"Mauritius"}},
{"type":"Feature","geometry":{"type":"Polygon","coordinates":[[[-12.28,14.81],[-11.87,15],[-11.46,15.63],[-10.95,15.15],[-10.7,15.42],[-9.94,15.37],[-9.18,15.5],[-5.51,15.5],[-5.36,16.28],[-5.63,16.57],[-5.88,18.8],[-6.08,20.54],[-6.37,23.03],[-6.59,24.99],[-4.82,25],[-6.24,25.85],[-8.68,27.29],[-8.68,26],[-12.02,26],[-12.02,23.47],[-13.03,23],[-13.02,21.33],[-16.96,21.33],[-17.05,20.81],[-16.88,21.09],[-16.21,20.23],[-16.51,19.36],[-16.08,18.52],[-16.08,17.55],[-16.54,16.29],[-16.54,15.84],[-16.24,16.53],[-14.99,16.68],[-14.3,16.58],[-13.56,16.14],[-12.86,15.24],[-12.28,14.81]]]},"properties":{"ISO_A3":"MRT","ADM0_A3":"MRT","ISO_A2":"MR","NAME":"Mauritania","NAME_LONG":"Mauritania","NAME_IT":"Mauritania","ADMIN":"Mauritania"}},
{"type":"Feature","geometry":{"type":"Polygon","coordinates":[[[14.57,35.85],[14.35,35.98],[14.44,35.82],[14.57,35.85]]]},"properties":{"ISO_A3":"MLT","ADM0_A3":"MLT","ISO_A2":"MT","NAME":"Malta","NAME_LONG":"Malta","NAME_IT":"Malta","ADMIN":"Malta"}},
{"type":"Feature","geometry":{"type":"Polygon","coordinates":[[[-11.39,12.4],[-11.31,12.02],[-10.93,12.21],[-10.68,11.9],[-10.27,12.21],[-9.82,12.04],[-9.04,12.4],[-8.82,11.67],[-8.41,11.39],[-7.99,10.16],[-7.66,10.43],[-6.97,10.18],[-6.65,10.66],[-6.26,10.72],[-6.03,10.19],[-5.52,10.43],[-5.3,11.21],[-5.29,11.83],[-4.43,12.34],[-4.33,13.12],[-4.05,13.38],[-3.3,13.28],[-3.2,13.67],[-2.46,14.27],[-0.76,15.05],[0.22,14.91],[0.96,14.99],[1.3,15.27],[3.5,15.36],[3.88,15.76],[4.23,17],[4.23,19.14],[3.4,18.99],[3.11,19.15],[3.2,19.79],[1.69,20.38],[1.17,20.82],[1.15,21.1],[-1.29,22.7],[-3.26,23.98],[-4.82,25],[-6.59,24.99],[-6.37,23.03],[-6.08,20.54],[-5.88,18.8],[-5.63,16.57],[-5.36,16.28],[-5.51,15.5],[-9.18,15.5],[-9.94,15.37],[-10.7,15.42],[-10.95,15.15],[-11.46,15.63],[-11.87,15],[-12.28,14.81],[-12.02,14.21],[-12.05,13.63],[-11.39,12.94],[-11.39,12.4]]]},"properties":{"ISO_A3":"MLI","ADM0_A3":"MLI","ISO_A2":"ML","NAME":"Mali","NAME_LONG":"Mali","NAME_IT":"Mali","ADMIN":"Mali"}},
{"type":"Feature","geometry":{"type":"Polygon","coordinates":[[[73.51,4.16],[73.53,4.24],[73.47,4.17],[73.51,4.16]]]},"properties":{"ISO_A3":"MDV","ADM0_A3":"MDV","ISO_A2":"MV","NAME":"Maldives","NAME_LONG":"Maldives","NAME_IT":"Maldive","ADMIN":"Maldives"}},
{"type":"Feature","geometry":{"type":"MultiPolygon","coordinates":[[[[100.12,6.44],[100.61,4.65],[100.72,3.97],[101.3,3.25],[101.3,2.89],[102.73,1.86],[103.36,1.55],[103.48,1.33],[103.69,1.45],[103.99,1.45],[103.98,1.62],[104.18,1.36],[104.22,1.72],[103.81,2.58],[103.44,2.93],[103.36,3.77],[103.42,4.85],[102.98,5.52],[102.1,6.24],[101.87,5.83],[101.11,5.64],[101.05,6.24],[100.18,6.67],[100.12,6.44]]],[[[117.57,4.17],[118.5,4.36],[118.26,4.99],[119.13,5.1],[119.22,5.41],[118.59,5.59],[118,6.05],[117.62,5.94],[117.65,6.47],[117.13,6.97],[116.75,6.98],[115.58,5.19],[115.14,4.9],[115.03,4.9],[114.61,4.02],[114.06,4.59],[113.92,4.24],[113.04,3.21],[111.73,2.85],[111.24,2.44],[111.1,1.4],[109.63,2.03],[109.65,1.61],[110.51,0.86],[110.94,1.02],[111.77,1],[112.48,1.56],[113.62,1.24],[114.55,1.47],[114.79,2.25],[115.18,2.52],[115.09,2.84],[115.45,3.03],[115.57,3.94],[115.9,4.35],[117.1,4.34],[117.57,4.17]]]]},"properties":{"ISO_A3":"MYS","ADM0_A3":"MYS","ISO_A2":"MY","NAME":"Malaysia","NAME_LONG":"Malaysia","NAME_IT":"Malaysia","ADMIN":"Malaysia"}},
{"type":"Feature","geometry":{"type":"Polygon","coordinates":[[[33.2,-14.01],[33.64,-14.57],[34.33,-14.41],[34.54,-15.3],[34.25,-15.89],[34.4,-16.2],[35.29,-17.1],[35.17,-16.56],[35.36,-16.16],[35.76,-16.06],[35.85,-14.67],[35.25,-13.9],[34.56,-13.36],[34.36,-12.21],[34.66,-11.59],[34.96,-11.58],[34.6,-11.04],[34.52,-10.03],[33.94,-9.67],[32.92,-9.41],[33.2,-9.63],[33.66,-10.59],[33.26,-10.89],[33.23,-11.53],[33.4,-12.49],[33.02,-12.63],[32.97,-13.22],[32.67,-13.61],[33.2,-14.01]]]},"properties":{"ISO_A3":"MWI","ADM0_A3":"MWI","ISO_A2":"MW","NAME":"Malawi","NAME_LONG":"Malawi","NAME_IT":"Malawi","ADMIN":"Malawi"}},
{"type":"Feature","geometry":{"type":"Polygon","coordinates":[[[49.54,-12.43],[49.21,-12.08],[48.79,-12.47],[48.8,-13.27],[48.26,-13.72],[48.04,-13.6],[47.81,-14.54],[46.33,-15.71],[45.7,-15.81],[44.48,-16.22],[44.42,-16.7],[43.98,-17.39],[44.04,-18.29],[44.45,-19.43],[44.24,-20.38],[43.8,-21.18],[43.5,-21.36],[43.27,-22.05],[43.4,-22.89],[43.72,-23.53],[43.69,-24.36],[44.04,-25],[45.12,-25.54],[45.51,-25.56],[46.73,-25.15],[47.18,-24.79],[47.56,-23.87],[47.91,-22.47],[48.61,-20.46],[49.48,-17.9],[49.44,-17.35],[49.77,-16.82],[49.83,-16.26],[49.65,-15.57],[49.89,-15.46],[50.21,-15.96],[50.48,-15.39],[50.24,-14.73],[49.94,-13.07],[49.54,-12.43]]]},"properties":{"ISO_A3":"MDG","ADM0_A3":"MDG","ISO_A2":"MG","NAME":"Madagascar","NAME_LONG":"Madagascar","NAME_IT":"Madagascar","ADMIN":"Madagascar"}},
{"type":"Feature","geometry":{"type":"Polygon","coordinates":[[[21.56,42.25],[20.57,41.87],[20.49,41.27],[20.96,40.85],[22.92,41.34],[23.01,41.72],[22.34,42.31],[21.56,42.25]]]},"properties":{"ISO_A3":"MKD","ADM0_A3":"MKD","ISO_A2":"MK","NAME":"North Macedonia","NAME_LONG":"North Macedonia","NAME_IT":"Macedonia del Nord","ADMIN":"North Macedonia"}},
{"type":"Feature","geometry":{"type":"Polygon","coordinates":[[[6.12,50.12],[5.79,49.54],[6.34,49.45],[6.12,50.12]]]},"properties":{"ISO_A3":"LUX","ADM0_A3":"LUX","ISO_A2":"LU","NAME":"Luxembourg","NAME_LONG":"Luxembourg","NAME_IT":"Lussemburgo","ADMIN":"Luxembourg"}},
{"type":"Feature","geometry":{"type":"Polygon","coordinates":[[[22.77,54.36],[23.48,53.94],[24.77,53.97],[25.56,54.31],[25.86,54.92],[26.78,55.27],[26.59,55.67],[24.9,56.4],[24.12,56.26],[22.08,56.41],[21.05,56.07],[21.24,55.26],[22.57,55.06],[22.77,54.36]]]},"properties":{"ISO_A3":"LTU","ADM0_A3":"LTU","ISO_A2":"LT","NAME":"Lithuania","NAME_LONG":"Lithuania","NAME_IT":"Lituania","ADMIN":"Lithuania"}},
{"type":"Feature","geometry":{"type":"Polygon","coordinates":[[[9.58,47.06],[9.53,47.27],[9.49,47.06],[9.58,47.06]]]},"properties":{"ISO_A3":"LIE","ADM0_A3":"LIE","ISO_A2":"LI","NAME":"Liechtenstein","NAME_LONG":"Liechtenstein","NAME_IT":"Liechtenstein","ADMIN":"Liechtenstein"}},
{"type":"Feature","geometry":{"type":"Polygon","coordinates":[[[9.52,30.23],[9.31,30.12],[9.84,28.97],[9.92,27.79],[9.75,27.33],[9.86,26.55],[9.45,26.07],[10,25.33],[10.26,24.59],[11.54,24.29],[11.97,23.52],[13.48,23.18],[14.23,22.62],[14.98,23],[15.98,23.45],[18.23,22.34],[21.58,20.68],[23.98,19.5],[23.98,20],[24.98,20],[24.98,22],[24.98,24.69],[24.98,26.71],[24.98,29.18],[24.73,30.25],[24.97,30.78],[24.85,31.33],[25.15,31.65],[24.68,32.02],[23.29,32.21],[23.09,32.62],[21.64,32.94],[20.62,32.58],[19.93,31.82],[20.15,31.08],[19.71,30.49],[18.94,30.29],[18.19,30.78],[16.78,31.21],[16.12,31.26],[15.5,31.66],[15.18,32.39],[13.28,32.91],[12.28,32.86],[11.5,33.18],[11.5,32.41],[10.83,32.08],[10.11,31.46],[10.22,30.78],[9.52,30.23]]]},"properties":{"ISO_A3":"LBY","ADM0_A3":"LBY","ISO_A2":"LY","NAME":"Libya","NAME_LONG":"Libya","NAME_IT":"Libia","ADMIN":"Libya"}},
{"type":"Feature","geometry":{"type":"Polygon","coordinates":[[[-11.51,6.91],[-10.28,6.08],[-9.13,5.05],[-7.54,4.35],[-7.45,5.84],[-7.89,6.23],[-8.6,6.51],[-8.3,7.07],[-8.49,7.56],[-8.89,7.26],[-9.46,7.42],[-9.52,8.35],[-10.28,8.49],[-10.65,7.76],[-11.51,6.91]]]},"properties":{"ISO_A3":"LBR","ADM0_A3":"LBR","ISO_A2":"LR","NAME":"Liberia","NAME_LONG":"Liberia","NAME_IT":"Liberia","ADMIN":"Liberia"}},
{"type":"Feature","geometry":{"type":"Polygon","coordinates":[[[28.74,-30.1],[29.1,-29.92],[29.39,-29.27],[28.63,-28.58],[27.74,-28.94],[27.05,-29.66],[27.39,-30.32],[28.02,-30.64],[28.39,-30.15],[28.74,-30.1]]]},"properties":{"ISO_A3":"LSO","ADM0_A3":"LSO","ISO_A2":"LS","NAME":"Lesotho","NAME_LONG":"Lesotho","NAME_IT":"Lesotho","ADMIN":"Lesotho"}},
{"type":"Feature","geometry":{"type":"Polygon","coordinates":[[[35.98,34.63],[35.11,33.08],[35.84,33.42],[35.87,33.43],[36.58,34.22],[36.43,34.61],[35.98,34.63]]]},"properties":{"ISO_A3":"LBN","ADM0_A3":"LBN","ISO_A2":"LB","NAME":"Lebanon","NAME_LONG":"Lebanon","NAME_IT":"Libano","ADMIN":"Lebanon"}},
{"type":"Feature","geometry":{"type":"Polygon","coordinates":[[[27.35,57.53],[26.53,57.53],[25.11,58.06],[24.32,57.87],[24.4,57.33],[23.65,56.97],[22.55,57.72],[21.73,57.57],[21.07,56.82],[21.05,56.07],[22.08,56.41],[24.12,56.26],[24.9,56.4],[26.59,55.67],[27.58,55.8],[28.15,56.14],[27.64,56.85],[27.8,57.32],[27.35,57.53]]]},"properties":{"ISO_A3":"LVA","ADM0_A3":"LVA","ISO_A2":"LV","NAME":"Latvia","NAME_LONG":"Latvia","NAME_IT":"Lettonia","ADMIN":"Latvia"}},
{"type":"Feature","geometry":{"type":"Polygon","coordinates":[[[102.13,22.38],[101.67,22.46],[101.7,21.15],[101.22,21.22],[101.14,21.57],[100.76,21.31],[100.12,20.32],[100.54,20.09],[100.63,19.5],[101.21,19.55],[101.29,18.98],[100.91,17.58],[101.11,17.48],[102.1,18.21],[102.72,17.89],[103.25,18.37],[103.95,18.32],[104.82,17.3],[104.75,16.65],[105.05,16.16],[105.62,15.7],[105.48,14.53],[105.18,14.35],[105.9,13.92],[105.98,14.34],[106.5,14.58],[106.82,14.31],[107.52,14.71],[107.65,15.26],[107.17,15.8],[107.4,16.04],[106.7,16.46],[106.5,16.95],[104.72,18.8],[103.9,19.34],[104.03,19.68],[104.55,19.61],[104.93,20.02],[104.58,20.65],[104.05,20.94],[103.64,20.7],[103.1,20.89],[102.7,21.66],[102.13,22.38]]]},"properties":{"ISO_A3":"LAO","ADM0_A3":"LAO","ISO_A2":"LA","NAME":"Laos","NAME_LONG":"Lao PDR","NAME_IT":"Laos","ADMIN":"Laos"}},
{"type":"Feature","geometry":{"type":"Polygon","coordinates":[[[70.96,40.24],[70.45,40.05],[69.97,40.2],[69.31,39.97],[69.3,39.52],[71.47,39.6],[71.81,39.28],[73.63,39.45],[73.99,40.04],[75.58,40.61],[75.68,40.31],[76.48,40.45],[76.82,40.98],[78.12,41.08],[78.36,41.37],[80.22,42.03],[80.21,42.19],[79.13,42.78],[78.52,42.86],[75.05,42.9],[74.21,43.24],[73.56,43],[73.49,42.41],[71.82,42.82],[71.26,42.73],[70.95,42.25],[70.18,41.57],[71.41,41.14],[71.66,41.54],[71.88,41.2],[73.11,40.79],[71.69,40.15],[70.96,40.24]]]},"properties":{"ISO_A3":"KGZ","ADM0_A3":"KGZ","ISO_A2":"KG","NAME":"Kyrgyzstan","NAME_LONG":"Kyrgyzstan","NAME_IT":"Kirghizistan","ADMIN":"Kyrgyzstan"}},
{"type":"Feature","geometry":{"type":"Polygon","coordinates":[[[48.44,28.54],[48.05,29.36],[47.98,29.98],[47.11,29.96],[46.53,29.1],[47.43,28.99],[47.67,28.53],[48.44,28.54]]]},"properties":{"ISO_A3":"KWT","ADM0_A3":"KWT","ISO_A2":"KW","NAME":"Kuwait","NAME_LONG":"Kuwait","NAME_IT":"Kuwait","ADMIN":"Kuwait"}},
{"type":"Feature","geometry":{"type":"Polygon","coordinates":[[[20.34,42.83],[20.06,42.55],[20.57,41.87],[21.56,42.25],[21.75,42.67],[20.76,43.26],[20.34,42.83]]]},"properties":{"ISO_A3":"-99","ADM0_A3":"KOS","ISO_A2":"-99","NAME":"Kosovo","NAME_LONG":"Kosovo","NAME_IT":"Kosovo","ADMIN":"Kosovo"}},
{"type":"Feature","geometry":{"type":"Polygon","coordinates":[[[-157.34,1.86],[-157.42,1.79],[-157.18,1.74],[-157.34,1.86]]]},"properties":{"ISO_A3":"KIR","ADM0_A3":"KIR","ISO_A2":"KI","NAME":"Kiribati","NAME_LONG":"Kiribati","NAME_IT":"Kiribati","ADMIN":"Kiribati"}},
{"type":"Feature","geometry":{"type":"Polygon","coordinates":[[[33.9,-1],[35.84,-2.04],[37.64,-3.05],[37.8,-3.67],[39.22,-4.69],[39.49,-4.48],[40.12,-3.25],[40.22,-2.69],[40.64,-2.54],[40.89,-2.02],[41.53,-1.7],[40.98,-0.87],[40.96,2.81],[41.88,3.98],[41.22,3.94],[40.77,4.27],[39.84,3.85],[39.49,3.46],[38.09,3.65],[36.91,4.41],[36.08,4.45],[35.76,4.81],[35.75,5.34],[35.27,5.49],[33.98,4.22],[34.39,3.69],[34.45,3.16],[34.91,2.48],[34.97,1.64],[33.94,0.17],[33.9,-1]]]},"properties":{"ISO_A3":"KEN","ADM0_A3":"KEN","ISO_A2":"KE","NAME":"Kenya","NAME_LONG":"Kenya","NAME_IT":"Kenya","ADMIN":"Kenya"}},
{"type":"Feature","geometry":{"type":"Polygon","coordinates":[[[70.95,42.25],[71.26,42.73],[71.82,42.82],[73.49,42.41],[73.56,43],[74.21,43.24],[75.05,42.9],[78.52,42.86],[79.13,42.78],[80.21,42.19],[80.17,42.67],[80.79,43.16],[80.36,44.1],[80.46,44.75],[80.06,45.01],[81.69,45.35],[82.48,45.12],[82.33,45.52],[83.19,47.19],[84.79,46.83],[85.66,47.25],[85.53,47.92],[85.75,48.39],[86.55,48.53],[86.75,49.01],[87.32,49.09],[86.61,49.61],[85.29,49.6],[84.99,50.06],[84.32,50.24],[83.95,50.77],[83.36,50.99],[82.49,50.73],[81.47,50.74],[80.88,51.28],[79.99,50.77],[78.48,52.64],[77.7,53.38],[76.58,53.94],[76.84,54.44],[74.45,53.65],[73.37,53.45],[73.68,53.93],[72.27,54.27],[71.09,54.21],[71.19,54.6],[70.74,55.31],[70.18,55.16],[68.98,55.39],[67.69,54.87],[65.48,54.62],[61.93,53.95],[61.33,54.05],[60.98,53.62],[61.97,52.94],[61.05,52.97],[60.98,52.39],[60.07,51.98],[60.46,51.65],[61.36,51.44],[61.39,50.86],[60.94,50.7],[59.96,50.8],[59.81,50.58],[58.88,50.69],[58.36,51.06],[57.44,50.89],[56.49,51.02],[55.8,50.6],[54.73,51],[54.65,50.66],[53.34,51.48],[52.33,51.68],[51.34,51.48],[50.79,51.73],[50.25,51.29],[48.63,50.61],[48.84,50.01],[48.43,49.83],[47.71,50.38],[47.33,50.27],[46.8,49.37],[47.01,49.1],[46.66,48.41],[47.29,47.74],[48.11,47.75],[48.96,46.77],[48.61,46.57],[49.23,46.34],[51.18,47.11],[52.09,46.84],[52.92,46.95],[53.14,46.19],[52.77,45.57],[53.2,45.33],[51.42,45.36],[51.06,44.81],[51.54,44.53],[50.3,44.58],[50.83,44.19],[51.3,43.17],[52.6,42.76],[52.49,41.78],[53.25,42.21],[54.12,42.34],[54.9,41.92],[55.55,41.26],[55.98,41.32],[55.98,44.99],[58.56,45.56],[61.01,44.39],[61.99,43.49],[63.21,43.63],[64.44,43.55],[64.91,43.71],[65.8,42.88],[66.1,42.99],[66.01,42],[66.5,41.99],[66.71,41.18],[67.94,41.2],[68.05,40.81],[68.6,40.66],[69.06,41.37],[70.95,42.25]]]},"properties":{"ISO_A3":"KAZ","ADM0_A3":"KAZ","ISO_A2":"KZ","NAME":"Kazakhstan","NAME_LONG":"Kazakhstan","NAME_IT":"Kazakistan","ADMIN":"Kazakhstan"}},
{"type":"Feature","geometry":{"type":"Polygon","coordinates":[[[35.79,32.73],[35.55,32.4],[35.45,31.48],[34.97,29.56],[34.95,29.35],[36.02,29.19],[36.76,29.87],[37.47,30],[37.98,30.5],[36.96,31.49],[38.96,31.99],[39.15,32.12],[38.77,33.37],[36.82,32.32],[35.79,32.73]]]},"properties":{"ISO_A3":"JOR","ADM0_A3":"JOR","ISO_A2":"JO","NAME":"Jordan","NAME_LONG":"Jordan","NAME_IT":"Giordania","ADMIN":"Jordan"}},
{"type":"Feature","geometry":{"type":"MultiPolygon","coordinates":[[[[143.82,44.12],[142.7,44.82],[141.94,45.51],[141.58,45.16],[141.78,44.72],[141.3,43.2],[140.39,43.3],[140.49,43.05],[139.89,42.65],[140.15,41.42],[140.66,41.82],[141.15,41.81],[140.32,42.33],[141.85,42.58],[143.24,42],[143.97,42.88],[145.51,43.17],[145.1,43.76],[145.34,44.33],[144.8,43.94],[143.82,44.12]]],[[[131.17,33.6],[130.95,33.87],[129.58,33.24],[129.83,32.73],[130.38,33.09],[130.64,32.62],[130.19,32.09],[130.2,31.29],[130.69,31.02],[131.34,31.4],[131.9,33.25],[131.58,33.65],[131.17,33.6]]],[[[134.36,34.26],[133.58,34.02],[132.78,33.99],[132.41,33.43],[132.64,32.76],[132.98,32.84],[133.63,33.51],[134.18,33.25],[134.74,33.82],[134.36,34.26]]],[[[141.23,41.37],[141.12,40.88],[140.39,41.23],[139.92,40.6],[139.81,39.88],[140.05,39.46],[139.4,38.14],[138.32,37.22],[137.02,36.84],[136.84,37.38],[136.7,36.74],[135.68,35.5],[135.17,35.75],[134.21,35.54],[132.92,35.51],[131.35,34.41],[130.92,33.98],[131.74,34.05],[132.15,33.84],[132.24,34.23],[133.14,34.3],[134.74,34.77],[135.38,34.5],[135.1,34.29],[135.45,33.55],[135.92,33.56],[136.33,34.18],[136.85,34.32],[136.53,34.68],[136.88,34.81],[138.19,34.6],[138.58,35.09],[138.84,34.62],[139.25,35.28],[139.64,35.14],[139.83,35.66],[139.92,34.9],[140.87,35.72],[140.63,36.5],[140.97,37],[140.93,37.95],[141.47,38.4],[141.9,39.11],[141.98,39.84],[141.46,40.61],[141.46,41.4],[141.23,41.37]]],[[[128.26,26.65],[127.73,26.43],[127.65,26.09],[128.26,26.65]]]]},"properties":{"ISO_A3":"JPN","ADM0_A3":"JPN","ISO_A2":"JP","NAME":"Japan","NAME_LONG":"Japan","NAME_IT":"Giappone","ADMIN":"Japan"}},
{"type":"Feature","geometry":{"type":"Polygon","coordinates":[[[-77.26,18.46],[-78.22,18.45],[-77.77,17.88],[-77.2,17.71],[-76.85,17.97],[-76.21,17.91],[-76.35,18.15],[-77.26,18.46]]]},"properties":{"ISO_A3":"JAM","ADM0_A3":"JAM","ISO_A2":"JM","NAME":"Jamaica","NAME_LONG":"Jamaica","NAME_IT":"Giamaica","ADMIN":"Jamaica"}},
{"type":"Feature","geometry":{"type":"MultiPolygon","coordinates":[[[[7.02,45.93],[7.15,45.4],[6.63,45.12],[7.03,44.72],[6.97,44.28],[7.64,44.16],[7.49,43.77],[8.08,43.92],[8.77,44.42],[10.05,44.02],[10.71,42.94],[12.63,41.47],[13.73,41.24],[14.1,40.83],[14.77,40.67],[14.95,40.24],[15.69,39.99],[16.2,38.76],[15.72,37.94],[16.06,37.94],[16.56,38.71],[17.17,39],[17.11,39.38],[16.53,39.86],[16.93,40.46],[17.87,40.28],[18.34,39.82],[18.49,40.1],[17.95,40.66],[16.01,41.44],[15.96,41.94],[15.17,41.93],[14.01,42.69],[13.56,43.57],[12.4,44.22],[12.52,44.97],[12.27,45.45],[13.63,45.77],[13.72,45.59],[13.7,46.52],[12.39,46.7],[12.17,47.08],[10.45,46.86],[10.43,46.55],[9.25,46.29],[8.95,45.83],[8.37,46.45],[7.79,45.92],[7.02,45.93]],[[12.44,41.9],[12.43,41.9],[12.43,41.91],[12.44,41.9]],[[12.49,43.9],[12.4,43.93],[12.5,43.99],[12.49,43.9]]],[[[15.58,38.22],[13.68,38],[12.73,38.18],[12.44,37.82],[14.5,36.8],[15.11,36.69],[15.1,37.46],[15.58,38.22]]],[[[9.63,40.88],[9.23,41.26],[8.57,40.85],[8.22,40.91],[8.55,39.84],[8.42,39.21],[8.88,38.91],[9.62,39.35],[9.81,40.5],[9.63,40.88]]]]},"properties":{"ISO_A3":"ITA","ADM0_A3":"ITA","ISO_A2":"IT","NAME":"Italy","NAME_LONG":"Italy","NAME_IT":"Italia","ADMIN":"Italy"}},
{"type":"Feature","geometry":{"type":"Polygon","coordinates":[[[35.84,33.42],[35.11,33.08],[34.48,31.58],[34.25,31.21],[34.9,29.48],[34.97,29.56],[35.45,31.48],[34.87,31.4],[35.2,31.75],[34.96,32.16],[35.19,32.53],[35.55,32.4],[35.79,32.73],[35.82,33.36],[35.84,33.42]]]},"properties":{"ISO_A3":"ISR","ADM0_A3":"ISR","ISO_A2":"IL","NAME":"Israel","NAME_LONG":"Israel","NAME_IT":"Israele","ADMIN":"Israel"}},
{"type":"Feature","geometry":{"type":"MultiPolygon","coordinates":[[[[35.55,32.4],[35.19,32.53],[34.96,32.16],[35.2,31.75],[34.87,31.4],[35.45,31.48],[35.55,32.4]]],[[[34.48,31.58],[34.2,31.32],[34.25,31.21],[34.48,31.58]]]]},"properties":{"ISO_A3":"PSE","ADM0_A3":"PSX","ISO_A2":"PS","NAME":"Palestine","NAME_LONG":"Palestine","NAME_IT":"Palestina","ADMIN":"Palestine"}},
{"type":"Feature","geometry":{"type":"Polygon","coordinates":[[[-7.22,55.09],[-7.25,55.35],[-8.27,55.15],[-8.76,54.68],[-8.13,54.64],[-8.55,54.24],[-10.06,54.26],[-10.12,53.55],[-9.3,53.1],[-9.92,52.57],[-9.77,52.25],[-10.38,51.87],[-9.6,51.87],[-9.84,51.48],[-8.81,51.58],[-7.53,52.1],[-6.32,52.25],[-6.03,52.93],[-6.22,54.09],[-7.05,54.41],[-7.36,54.12],[-8.12,54.41],[-7.22,55.09]]]},"properties":{"ISO_A3":"IRL","ADM0_A3":"IRL","ISO_A2":"IE","NAME":"Ireland","NAME_LONG":"Ireland","NAME_IT":"Irlanda","ADMIN":"Ireland"}},
{"type":"Feature","geometry":{"type":"Polygon","coordinates":[[[42.36,37.11],[41.42,36.51],[41.19,34.77],[40.69,34.33],[38.77,33.37],[39.15,32.12],[40.37,31.94],[42.07,31.08],[44.69,29.2],[46.53,29.1],[47.11,29.96],[47.98,29.98],[48.55,29.96],[48.01,30.47],[48.01,30.99],[47.68,31],[47.83,31.79],[47.37,32.42],[46.38,32.93],[45.4,33.97],[45.68,34.8],[46.13,35.13],[46.17,35.82],[45.36,36.02],[44.77,37.14],[44.28,36.98],[43.84,37.22],[42.77,37.37],[42.36,37.11]]]},"properties":{"ISO_A3":"IRQ","ADM0_A3":"IRQ","ISO_A2":"IQ","NAME":"Iraq","NAME_LONG":"Iraq","NAME_IT":"Iraq","ADMIN":"Iraq"}},
{"type":"Feature","geometry":{"type":"Polygon","coordinates":[[[53.91,37.34],[53.97,36.82],[53.37,36.87],[52.19,36.62],[51.12,36.74],[50.13,37.41],[49.08,37.67],[48.87,38.44],[48.02,38.82],[48.32,39.4],[47.77,39.65],[46.49,38.91],[46.11,38.88],[45.48,39.01],[44.82,39.65],[44.02,39.38],[44.43,38.36],[44.21,37.91],[44.56,37.74],[44.77,37.14],[45.36,36.02],[46.17,35.82],[46.13,35.13],[45.68,34.8],[45.4,33.97],[46.38,32.93],[47.37,32.42],[47.83,31.79],[47.68,31],[48.01,30.99],[48.01,30.47],[48.55,29.96],[49.05,30.31],[49.55,30.03],[50.07,30.2],[50.88,29.06],[51.28,28.13],[51.67,27.84],[52.48,27.62],[52.69,27.32],[53.71,26.73],[54.9,26.56],[56.36,27.2],[56.98,26.91],[57.33,25.79],[59.05,25.42],[61.59,25.2],[61.87,26.24],[62.44,26.56],[63.17,26.67],[63.31,27.12],[62.75,27.27],[62.76,28.2],[61.89,28.55],[60.84,29.86],[61.78,30.83],[61.66,31.38],[60.82,31.5],[60.83,32.25],[60.56,33.14],[60.92,33.51],[60.51,33.64],[60.49,34.09],[60.89,34.32],[61.26,35.62],[61.12,36.64],[60.34,36.64],[59.3,37.51],[58.44,37.64],[57.34,37.99],[57.19,38.22],[56.44,38.25],[55.08,37.9],[54.75,37.5],[53.91,37.34]]]},"properties":{"ISO_A3":"IRN","ADM0_A3":"IRN","ISO_A2":"IR","NAME":"Iran","NAME_LONG":"Iran","NAME_IT":"Iran","ADMIN":"Iran"}},
{"type":"Feature","geometry":{"type":"MultiPolygon","coordinates":[[[[124.92,-8.94],[124.44,-9.19],[124.04,-9.34],[123.71,-9.61],[123.64,-10.31],[124.43,-10.15],[125.07,-9.51],[124.92,-8.94]]],[[[140.97,-2.61],[139.79,-2.35],[137.81,-1.48],[137.12,-1.84],[137.17,-2.03],[136.39,-2.27],[135.49,-3.35],[135.04,-3.33],[134.63,-2.54],[134.46,-2.83],[134.16,-2.2],[134.26,-1.36],[133.97,-0.74],[133.47,-0.73],[132.63,-0.36],[131.26,-0.86],[131,-1.42],[131.93,-1.56],[132.31,-2.24],[132.96,-2.27],[133.92,-2.1],[133.61,-2.55],[133.19,-2.44],[132.73,-2.79],[131.97,-2.79],[132.75,-3.29],[132.97,-4.09],[133.25,-4.06],[133.65,-3.36],[133.97,-3.82],[134.71,-3.95],[135.2,-4.45],[135.98,-4.53],[137.09,-4.92],[138.06,-5.47],[138.44,-6.34],[139.05,-7.2],[138.75,-7.25],[139.09,-7.59],[138.86,-8.15],[139.93,-8.1],[140.98,-9.12],[140.98,-6.91],[140.97,-4.23],[140.97,-2.61]]],[[[109.63,2.03],[109.08,1.5],[108.94,0.36],[109.26,0.03],[109.27,-0.73],[109.79,-1.01],[110.02,-1.4],[110.3,-2.99],[111.82,-3.06],[111.82,-3.53],[112.6,-3.4],[113.03,-2.93],[113.8,-3.46],[114.53,-3.38],[114.69,-4.17],[115.96,-3.6],[116.53,-2.51],[116.28,-1.78],[117.24,-0.93],[117.56,-0.77],[117.52,0.24],[117.91,1.1],[118.53,0.81],[118.98,0.98],[117.79,2.03],[118.07,2.32],[117.17,3.64],[117.78,3.69],[117.57,4.17],[117.1,4.34],[115.9,4.35],[115.57,3.94],[115.45,3.03],[115.09,2.84],[115.18,2.52],[114.79,2.25],[114.55,1.47],[113.62,1.24],[112.48,1.56],[111.77,1],[110.94,1.02],[110.51,0.86],[109.65,1.61],[109.63,2.03]]],[[[97.48,1.47],[97.08,1.43],[97.68,0.6],[97.93,0.97],[97.48,1.47]]],[[[99.16,-1.78],[99.27,-1.63],[98.87,-0.92],[98.6,-1.2],[99.16,-1.78]]],[[[116.64,-8.61],[116.4,-8.2],[116.06,-8.44],[116.38,-8.93],[116.64,-8.61]]],[[[115.45,-8.16],[114.48,-8.12],[115.24,-8.8],[115.7,-8.41],[115.45,-8.16]]],[[[106.05,-1.67],[105.59,-1.53],[105.13,-2.04],[105.79,-2.18],[106,-2.82],[106.67,-3.07],[106.82,-2.57],[106.37,-2.46],[106.05,-1.67]]],[[[123.18,-4.55],[122.95,-4.44],[122.58,-5.54],[122.81,-5.67],[123.18,-4.55]]],[[[122.65,-5.27],[122.7,-4.62],[122.37,-4.77],[122.28,-5.32],[122.65,-5.27]]],[[[108.21,-3],[108.07,-2.6],[107.67,-2.57],[107.61,-3.21],[108.21,-3]]],[[[135.38,-0.65],[135.84,-1.12],[136.38,-1.09],[135.89,-0.73],[135.38,-0.65]]],[[[135.47,-1.59],[136.23,-1.89],[136.89,-1.8],[135.47,-1.59]]],[[[130.81,0],[130.24,-0.21],[131.01,-0.36],[131.28,-0.15],[130.81,0]]],[[[128.45,2.05],[128.6,2.6],[128.22,2.3],[128.45,2.05]]],[[[128.15,-1.66],[127.65,-1.33],[127.39,-1.64],[128.15,-1.66]]],[[[124.97,-1.71],[124.38,-1.69],[124.42,-2.01],[125.32,-1.81],[124.97,-1.71]]],[[[131.33,-8],[131.62,-7.63],[131.64,-7.11],[131.09,-7.87],[131.33,-8]]],[[[126.8,-7.67],[125.98,-7.66],[125.8,-7.98],[126.47,-7.95],[126.8,-7.67]]],[[[124.58,-8.14],[124.44,-8.44],[125.1,-8.35],[124.58,-8.14]]],[[[131,-1.32],[131.07,-0.97],[130.67,-0.96],[131,-1.32]]],[[[96.49,5.23],[95.4,5.63],[95.21,5.28],[95.49,4.76],[96.44,3.82],[96.97,3.58],[97.59,2.85],[97.7,2.36],[98.56,1.9],[99.16,0.35],[99.6,0.1],[100.31,-0.83],[100.85,-2.14],[101.58,-3.17],[102.13,-3.6],[102.54,-4.15],[103.83,-5.08],[104.6,-5.9],[104.64,-5.52],[105.08,-5.75],[105.82,-5.68],[105.83,-4.16],[106.04,-3.11],[105.58,-2.49],[105.03,-2.36],[104.57,-1.92],[104.36,-1.04],[103.72,-0.89],[103.43,-0.19],[103.79,0.05],[103.48,0.48],[102.47,0.78],[101.78,1.62],[101.48,1.69],[101.05,2.26],[100.89,1.95],[100.46,2.26],[99.73,3.18],[98.31,4.09],[98.25,4.41],[97.55,5.21],[96.49,5.23]]],[[[122.78,-8.61],[122.98,-8.15],[122.26,-8.62],[121.44,-8.58],[120.61,-8.24],[119.92,-8.45],[119.91,-8.86],[121.65,-8.9],[122.78,-8.61]]],[[[120.01,-9.37],[119.19,-9.38],[119.09,-9.71],[119.6,-9.77],[120.44,-10.29],[120.83,-10.04],[120.01,-9.37]]],[[[118.24,-8.32],[117.76,-8.15],[118.23,-8.59],[117.81,-8.71],[117.57,-8.43],[116.84,-8.53],[116.79,-9.01],[117.06,-9.1],[119.13,-8.67],[118.99,-8.34],[118.24,-8.32]]],[[[124.89,1],[125.23,1.5],[124.99,1.7],[124.27,1.02],[123.85,0.84],[122.89,0.85],[121.59,1.07],[120.91,1.29],[120.52,0.82],[120.06,0.69],[119.72,-0.09],[119.71,-0.68],[119.31,-1.41],[119.32,-1.93],[118.78,-2.76],[118.99,-3.54],[119.42,-3.48],[119.62,-4.03],[119.38,-5.42],[119.72,-5.69],[120.43,-5.59],[120.28,-5.15],[120.44,-3.71],[120.25,-3.05],[120.65,-2.67],[120.99,-2.67],[120.91,-3.56],[121.62,-4.09],[121.59,-4.76],[122.9,-4.35],[122.88,-4.11],[122.25,-3.62],[122.4,-3.2],[121.85,-2.33],[121.35,-1.95],[122.51,-1.35],[122.81,-0.97],[123.38,-1],[123.38,-0.65],[121.52,-0.86],[121.03,-1.41],[120.67,-1.37],[120.1,-0.65],[120.01,-0.2],[120.35,0.45],[123.08,0.49],[123.75,0.31],[124.43,0.47],[124.89,1]]],[[[107.37,-6.01],[106.83,-6.1],[106.08,-5.91],[105.48,-6.78],[106.52,-7.05],[106.46,-7.37],[107.28,-7.47],[108.45,-7.8],[108.74,-7.67],[110.04,-7.89],[110.61,-8.15],[112.68,-8.41],[113.25,-8.29],[114.58,-8.77],[114.39,-8.41],[114.44,-7.9],[114.07,-7.63],[113.25,-7.72],[112.79,-7.55],[112.54,-6.93],[110.74,-6.47],[110.43,-6.95],[108.68,-6.79],[108.3,-6.27],[107.37,-6.01]]],[[[127.73,0.85],[128.01,1.33],[127.89,1.83],[127.63,1.84],[127.42,1.25],[127.61,0.85],[127.69,-0.24],[128.25,-0.73],[127.98,-0.25],[127.98,0.47],[128.9,0.22],[128.26,0.73],[128.7,1.11],[128.69,1.57],[128.16,1.32],[127.73,0.85]]],[[[129.75,-2.87],[128.2,-2.87],[128.42,-3.42],[128.75,-3.3],[129.47,-3.45],[129.84,-3.33],[130.81,-3.86],[130.86,-3.57],[130.38,-2.99],[129.75,-2.87]]],[[[126.86,-3.09],[126.03,-3.17],[126.21,-3.61],[126.69,-3.82],[127.23,-3.63],[126.86,-3.09]]],[[[134.75,-5.71],[134.62,-5.44],[134.15,-6.02],[134.44,-6.33],[134.76,-6.17],[134.75,-5.71]]],[[[134.54,-6.44],[134.17,-6.18],[134.06,-6.77],[134.54,-6.44]]],[[[138.54,-8.27],[138.99,-7.7],[138.77,-7.39],[138.01,-7.64],[137.69,-8.41],[138.54,-8.27]]],[[[103.03,0.75],[102.55,1.13],[102.45,0.89],[103.03,0.75]]],[[[113.84,-7.11],[113.97,-6.87],[112.87,-6.9],[113.04,-7.21],[113.84,-7.11]]],[[[127.57,-0.32],[127.46,-0.81],[127.88,-0.81],[127.57,-0.32]]],[[[130.35,-1.69],[129.74,-1.87],[130.25,-2.05],[130.35,-1.69]]],[[[96.46,2.36],[95.81,2.92],[95.81,2.66],[96.46,2.36]]],[[[116.3,-3.87],[116.27,-3.25],[116.02,-3.7],[116.3,-3.87]]]]},"properties":{"ISO_A3":"IDN","ADM0_A3":"IDN","ISO_A2":"ID","NAME":"Indonesia","NAME_LONG":"Indonesia","NAME_IT":"Indonesia","ADMIN":"Indonesia"}},
{"type":"Feature","geometry":{"type":"MultiPolygon","coordinates":[[[[68.17,23.86],[68.64,23.19],[69.66,22.76],[70.44,22.97],[70.18,22.57],[69.01,22.2],[70.13,21.09],[71.02,20.74],[72.02,21.16],[72.25,21.53],[72.04,21.82],[72.31,22.19],[72.7,21.97],[72.54,21.7],[72.88,20.56],[72.67,19.83],[72.87,18.68],[73.48,16.05],[74.38,14.49],[74.77,13.08],[75.2,12.06],[75.72,11.36],[76.35,9.92],[76.32,9.45],[76.97,8.41],[77.52,8.08],[78.06,8.38],[78.19,8.89],[78.98,9.27],[79,9.68],[79.39,10.31],[79.84,10.32],[79.86,11.99],[80.23,12.69],[80.34,13.36],[80.11,14.21],[80.05,15.07],[80.29,15.71],[80.98,15.76],[81.29,16.34],[82.26,16.56],[82.28,16.94],[84.1,18.29],[84.77,19.13],[85.44,19.63],[86.28,19.92],[86.98,20.7],[86.86,21.24],[87.68,21.65],[88.2,22.14],[88.06,21.69],[89.05,21.65],[89.05,22.09],[88.74,23.44],[88.73,24.23],[88.02,24.63],[88.77,25.49],[88.08,25.89],[88.52,26.52],[89.02,26.41],[89.29,26.04],[89.82,25.94],[89.81,25.31],[90.44,25.16],[92.05,25.17],[92.25,24.9],[91.88,24.2],[91.37,24.09],[91.16,23.66],[91.32,23.1],[91.62,22.98],[92.25,23.68],[92.57,21.98],[92.96,22],[93.08,22.72],[93.37,23.13],[93.31,24.02],[94.13,23.88],[94.71,25.05],[94.55,25.24],[95.13,26.04],[95.13,26.6],[96.06,27.22],[96.67,27.34],[97.04,27.1],[96.9,27.64],[97.32,28.22],[96.6,28.46],[96.58,28.76],[96.04,29.45],[95.42,29.05],[94.62,29.31],[93.9,28.8],[93.21,28.59],[92.66,27.95],[91.63,27.76],[91.99,27.45],[92.07,26.91],[90.74,26.77],[90.35,26.89],[89.76,26.7],[88.86,26.96],[88.89,27.32],[88.62,28.09],[88.11,27.87],[88.05,26.43],[87.29,26.36],[85.29,26.74],[84.09,27.49],[83.29,27.37],[81.85,27.87],[81.17,28.34],[80.07,28.83],[80.55,29.9],[81.01,30.16],[79.57,30.95],[79.11,31.4],[78.79,31.29],[78.74,31.96],[78.39,32.52],[79.22,32.5],[79.11,33.23],[78.8,33.5],[78.97,34.23],[78.28,34.65],[77.8,35.5],[77.05,35.11],[76.59,34.74],[75.71,34.5],[74.3,34.77],[73.81,34.33],[74.15,33.51],[73.99,33.24],[74.66,32.52],[75.33,32.28],[74.51,31.71],[74.63,31.03],[73.38,29.93],[72.9,29.03],[72.34,28.75],[71.87,27.96],[70.74,27.73],[70.4,28.03],[69.57,27.17],[69.47,26.8],[70.16,26.47],[70.1,25.91],[70.65,25.67],[71.04,24.4],[69.72,24.17],[68.73,24.27],[68.72,23.96],[68.17,23.86]]],[[[92.72,11.54],[92.99,12.54],[92.86,13.36],[92.69,12.21],[92.72,11.54]]]]},"properties":{"ISO_A3":"IND","ADM0_A3":"IND","ISO_A2":"IN","NAME":"India","NAME_LONG":"India","NAME_IT":"India","ADMIN":"India"}},
{"type":"Feature","geometry":{"type":"Polygon","coordinates":[[[-15.54,66.23],[-15.99,66.51],[-17.55,65.96],[-20.36,66.03],[-21.13,65.27],[-21.41,66.03],[-22.43,66.43],[-22.45,66.07],[-23.53,66.16],[-24.45,65.5],[-21.84,65.45],[-21.89,65.05],[-24.03,64.86],[-22.47,64.79],[-21.65,64.4],[-22.61,63.84],[-21.25,63.94],[-20.2,63.56],[-18.65,63.41],[-16.64,63.87],[-14.55,64.45],[-13.58,65.14],[-13.67,65.55],[-14.84,65.78],[-15.54,66.23]]]},"properties":{"ISO_A3":"ISL","ADM0_A3":"ISL","ISO_A2":"IS","NAME":"Iceland","NAME_LONG":"Iceland","NAME_IT":"Islanda","ADMIN":"Iceland"}},
{"type":"Feature","geometry":{"type":"Polygon","coordinates":[[[22.13,48.41],[20.49,48.53],[19.9,48.13],[18.91,48.05],[18.72,47.79],[17.76,47.77],[17.15,48.01],[16.55,47.75],[16.45,47.01],[16.09,46.86],[16.52,46.5],[17.81,45.79],[18.91,45.93],[19.53,46.16],[20.24,46.11],[21.04,46.24],[22.29,47.73],[22.88,47.95],[22.13,48.41]]]},"properties":{"ISO_A3":"HUN","ADM0_A3":"HUN","ISO_A2":"HU","NAME":"Hungary","NAME_LONG":"Hungary","NAME_IT":"Ungheria","ADMIN":"Hungary"}},
{"type":"Feature","geometry":{"type":"Polygon","coordinates":[[[-83.16,14.99],[-83.76,15.22],[-84.26,15.82],[-85.78,16],[-86.36,15.78],[-87.62,15.91],[-88.23,15.73],[-89.22,14.87],[-89.36,14.42],[-88.48,13.85],[-87.72,13.81],[-87.81,13.4],[-87.34,12.98],[-86.71,13.31],[-86.73,13.76],[-86.04,14.05],[-85.79,13.84],[-84.86,14.81],[-84.54,14.63],[-83.16,14.99]]]},"properties":{"ISO_A3":"HND","ADM0_A3":"HND","ISO_A2":"HN","NAME":"Honduras","NAME_LONG":"Honduras","NAME_IT":"Honduras","ADMIN":"Honduras"}},
{"type":"Feature","geometry":{"type":"Polygon","coordinates":[[[-71.78,19.72],[-73.12,19.9],[-73.4,19.66],[-72.7,19.44],[-72.81,19.07],[-72.35,18.67],[-72.79,18.43],[-74.23,18.66],[-74.42,18.35],[-73.88,18.04],[-73.39,18.25],[-72.06,18.23],[-71.77,18.04],[-72,18.6],[-71.66,19.13],[-71.78,19.72]]]},"properties":{"ISO_A3":"HTI","ADM0_A3":"HTI","ISO_A2":"HT","NAME":"Haiti","NAME_LONG":"Haiti","NAME_IT":"Haiti","ADMIN":"Haiti"}},
{"type":"Feature","geometry":{"type":"Polygon","coordinates":[[[-60.74,5.2],[-59.99,5.08],[-60.15,4.53],[-59.7,4.38],[-59.55,3.93],[-59.85,3.59],[-59.99,2.69],[-59.76,1.9],[-59.23,1.38],[-58.51,1.28],[-58.34,1.59],[-57.59,1.7],[-57.12,2.01],[-56.48,1.94],[-56.7,2.04],[-58.05,4.17],[-57.71,4.99],[-57.33,5.02],[-57.19,5.55],[-57.19,6.1],[-57.98,6.79],[-58.41,6.85],[-58.48,7.33],[-59.2,8.07],[-60.02,8.55],[-59.83,8.31],[-60.72,7.5],[-60.33,7.13],[-60.72,6.77],[-61.15,6.69],[-61.38,5.91],[-60.74,5.2]]]},"properties":{"ISO_A3":"GUY","ADM0_A3":"GUY","ISO_A2":"GY","NAME":"Guyana","NAME_LONG":"Guyana","NAME_IT":"Guyana","ADMIN":"Guyana"}},
{"type":"Feature","geometry":{"type":"Polygon","coordinates":[[[-16.71,12.35],[-15.82,11.76],[-15.43,11.94],[-15.39,11.22],[-15.04,10.94],[-14.68,11.51],[-13.73,11.74],[-13.95,12.18],[-13.73,12.67],[-15.2,12.68],[-15.57,12.49],[-16.71,12.35]]]},"properties":{"ISO_A3":"GNB","ADM0_A3":"GNB","ISO_A2":"GW","NAME":"Guinea-Bissau","NAME_LONG":"Guinea-Bissau","NAME_IT":"Guinea-Bissau","ADMIN":"Guinea-Bissau"}},
{"type":"Feature","geometry":{"type":"Polygon","coordinates":[[[-10.28,8.49],[-9.52,8.35],[-9.46,7.42],[-8.89,7.26],[-8.49,7.56],[-8.23,7.56],[-8.02,8.14],[-8.24,8.46],[-7.68,8.41],[-7.95,8.79],[-7.78,9.08],[-8.14,9.5],[-7.99,10.16],[-8.41,11.39],[-8.82,11.67],[-9.04,12.4],[-9.82,12.04],[-10.27,12.21],[-10.68,11.9],[-10.93,12.21],[-11.31,12.02],[-11.39,12.4],[-12.29,12.33],[-13.73,12.67],[-13.95,12.18],[-13.73,11.74],[-14.68,11.51],[-15.04,10.94],[-14.78,10.93],[-14.43,10.25],[-13.69,9.93],[-13.29,9.05],[-12.76,9.37],[-12.5,9.86],[-11.21,9.98],[-10.69,9.31],[-10.28,8.49]]]},"properties":{"ISO_A3":"GIN","ADM0_A3":"GIN","ISO_A2":"GN","NAME":"Guinea","NAME_LONG":"Guinea","NAME_IT":"Guinea","ADMIN":"Guinea"}},
{"type":"Feature","geometry":{"type":"Polygon","coordinates":[[[-92.24,14.55],[-91.15,13.93],[-90.1,13.74],[-89.36,14.42],[-89.22,14.87],[-88.23,15.73],[-88.89,15.89],[-89.24,15.89],[-89.16,17.81],[-90.99,17.82],[-90.99,17.25],[-91.41,17.26],[-90.42,16.39],[-90.45,16.07],[-91.74,16.07],[-92.19,15.32],[-92.24,14.55]]]},"properties":{"ISO_A3":"GTM","ADM0_A3":"GTM","ISO_A2":"GT","NAME":"Guatemala","NAME_LONG":"Guatemala","NAME_IT":"Guatemala","ADMIN":"Guatemala"}},
{"type":"Feature","geometry":{"type":"Polygon","coordinates":[[[-61.72,12.01],[-61.61,12.22],[-61.71,12.19],[-61.72,12.01]]]},"properties":{"ISO_A3":"GRD","ADM0_A3":"GRD","ISO_A2":"GD","NAME":"Grenada","NAME_LONG":"Grenada","NAME_IT":"Grenada","ADMIN":"Grenada"}},
{"type":"Feature","geometry":{"type":"MultiPolygon","coordinates":[[[[26.32,41.72],[26.16,41.43],[25.25,41.24],[24.52,41.55],[22.92,41.34],[20.96,40.85],[21.03,40.66],[20.38,39.8],[20,39.71],[20.78,39.01],[21.11,38.38],[22.42,38.44],[23.15,38.18],[22.92,37.96],[21.82,38.33],[21.14,37.85],[21.57,37.54],[21.89,36.74],[22.38,36.7],[23,37.02],[22.73,37.54],[23.49,37.44],[23.04,37.88],[23.58,38.01],[24.06,37.71],[23.97,38.28],[22.6,38.89],[23.29,39.29],[22.59,40.04],[22.63,40.5],[23.31,40.22],[23.87,40.42],[23.76,40.75],[25.1,40.99],[26.04,40.73],[26.62,41.4],[26.32,41.72]]],[[[23.42,38.96],[23.25,38.8],[24.28,38.22],[24.1,38.67],[23.42,38.96]]],[[[26.41,39.33],[25.84,39.2],[26.58,39.03],[26.41,39.33]]],[[[27.84,35.93],[28.23,36.43],[27.72,36.17],[27.84,35.93]]],[[[23.85,35.54],[23.55,35.42],[24.8,34.93],[26.24,35.04],[25.48,35.31],[24.31,35.36],[23.85,35.54]]]]},"properties":{"ISO_A3":"GRC","ADM0_A3":"GRC","ISO_A2":"GR","NAME":"Greece","NAME_LONG":"Greece","NAME_IT":"Grecia","ADMIN":"Greece"}},
{"type":"Feature","geometry":{"type":"Polygon","coordinates":[[[-0.07,11.12],[-0.7,10.99],[-2.83,11],[-2.7,9.48],[-2.75,9.11],[-2.51,8.21],[-2.79,7.93],[-3.24,6.81],[-3.2,6.35],[-2.82,5.15],[-3.02,5.13],[-3.09,5.13],[-3.11,5.09],[-2,4.76],[-0.8,5.23],[0.26,5.76],[0.95,5.81],[1.19,6.09],[0.53,6.85],[0.69,8.3],[0.37,8.76],[0.53,9.36],[0.23,9.46],[0.38,10.29],[-0.06,10.63],[-0.07,11.12]]]},"properties":{"ISO_A3":"GHA","ADM0_A3":"GHA","ISO_A2":"GH","NAME":"Ghana","NAME_LONG":"Ghana","NAME_IT":"Ghana","ADMIN":"Ghana"}},
{"type":"Feature","geometry":{"type":"Polygon","coordinates":[[[9.52,47.52],[10.31,47.31],[12.21,47.72],[13.01,47.48],[12.81,48.16],[13.81,48.77],[12.63,49.46],[12.28,50.04],[12.45,50.35],[14.37,50.9],[14.81,50.86],[15.02,51.25],[14.6,51.83],[14.62,52.53],[14.14,52.93],[14.26,53.73],[13.72,54.15],[12.58,54.47],[11.4,53.94],[11.01,54.38],[10.14,54.49],[9.74,54.83],[8.67,54.9],[8.98,53.93],[8.49,53.51],[7.29,53.68],[7.2,53.28],[6.74,51.91],[5.95,51.76],[6.19,51.49],[5.99,50.75],[6.12,50.12],[6.34,49.45],[6.74,49.16],[8.13,48.97],[7.58,48.06],[7.62,47.59],[8.62,47.77],[9.52,47.52]]]},"properties":{"ISO_A3":"DEU","ADM0_A3":"DEU","ISO_A2":"DE","NAME":"Germany","NAME_LONG":"Germany","NAME_IT":"Germania","ADMIN":"Germany"}},
{"type":"Feature","geometry":{"type":"Polygon","coordinates":[[[43.44,41.11],[45,41.29],[45.28,41.45],[46.46,41.07],[46.67,41.29],[46.18,41.66],[46.43,41.89],[45.64,42.21],[45.73,42.48],[44.87,42.76],[43.96,42.57],[42.42,43.22],[41.58,43.22],[40.65,43.53],[39.98,43.42],[41.49,42.66],[41.76,41.97],[41.51,41.52],[42.79,41.56],[43.44,41.11]]]},"properties":{"ISO_A3":"GEO","ADM0_A3":"GEO","ISO_A2":"GE","NAME":"Georgia","NAME_LONG":"Georgia","NAME_IT":"Georgia","ADMIN":"Georgia"}},
{"type":"Feature","geometry":{"type":"Polygon","coordinates":[[[-16.56,13.59],[-16.76,13.06],[-15.83,13.16],[-15.15,13.56],[-14.25,13.24],[-13.85,13.34],[-15.11,13.81],[-15.51,13.59],[-16.56,13.59]]]},"properties":{"ISO_A3":"GMB","ADM0_A3":"GMB","ISO_A2":"GM","NAME":"Gambia","NAME_LONG":"The Gambia","NAME_IT":"Gambia","ADMIN":"Gambia"}},
{"type":"Feature","geometry":{"type":"Polygon","coordinates":[[[13.29,2.16],[13.22,2.26],[11.35,2.3],[11.33,2.17],[11.34,1],[9.59,1.03],[9.55,0.3],[9.3,0.29],[9.3,-0.35],[8.82,-0.71],[9.3,-1.9],[9.76,-2.52],[10.35,-3.01],[11.13,-3.92],[11.5,-3.52],[11.85,-3.7],[11.93,-3.32],[11.54,-2.84],[11.61,-2.34],[12.45,-2.33],[12.43,-1.93],[12.79,-1.93],[12.99,-2.31],[13.46,-2.4],[13.73,-2.14],[14.09,-2.47],[14.38,-1.89],[14.48,-0.62],[13.86,-0.2],[13.88,0.19],[14.43,0.81],[14.18,1.37],[13.27,1.24],[13.29,2.16]]]},"properties":{"ISO_A3":"GAB","ADM0_A3":"GAB","ISO_A2":"GA","NAME":"Gabon","NAME_LONG":"Gabon","NAME_IT":"Gabon","ADMIN":"Gabon"}},
{"type":"Feature","geometry":{"type":"MultiPolygon","coordinates":[[[[7.62,47.59],[7.58,48.06],[8.13,48.97],[6.74,49.16],[6.34,49.45],[5.79,49.54],[4.87,49.79],[4.86,50.14],[4.18,49.96],[2.52,51.1],[1.58,50.74],[1.59,50.25],[0.19,49.7],[-0.16,49.3],[-1.14,49.39],[-1.86,49.68],[-1.38,48.65],[-2.69,48.54],[-3.23,48.84],[-4.72,48.54],[-4.68,48.04],[-2.43,47.47],[-1.79,46.51],[-1.15,46.31],[-1.03,45.74],[-1.48,43.56],[-1.79,43.41],[-1.48,43.07],[1.43,42.6],[1.71,42.5],[2.03,42.35],[3.21,42.43],[3.05,42.92],[4.05,43.59],[5.06,43.44],[6.12,43.07],[7.38,43.73],[7.41,43.77],[7.44,43.75],[7.49,43.77],[7.64,44.16],[6.97,44.28],[7.03,44.72],[6.63,45.12],[7.15,45.4],[7.02,45.93],[6.76,46.42],[6.09,46.15],[6.06,46.43],[7,47.32],[7.62,47.59]]],[[[-54.62,2.33],[-54.13,2.12],[-53.77,2.35],[-52.96,2.18],[-52.7,2.36],[-51.99,3.7],[-51.65,4.06],[-51.79,4.57],[-52.9,5.43],[-53.85,5.78],[-54.16,5.36],[-54.45,5.01],[-54.35,4.05],[-53.99,3.59],[-54.2,2.82],[-54.62,2.33]]],[[[9.48,42.81],[8.57,42.36],[8.81,41.59],[9.19,41.38],[9.55,42.13],[9.48,42.81]]],[[[55.8,-21.34],[55.66,-20.91],[55.36,-21.27],[55.8,-21.34]]]]},"properties":{"ISO_A3":"-99","ADM0_A3":"FRA","ISO_A2":"-99","NAME":"France","NAME_LONG":"France","NAME_IT":"Francia","ADMIN":"France"}},
{"type":"Feature","geometry":{"type":"Polygon","coordinates":[[[-56.27,46.84],[-56.29,47.07],[-56.39,47.07],[-56.27,46.84]]]},"properties":{"ISO_A3":"SPM","ADM0_A3":"SPM","ISO_A2":"PM","NAME":"St. Pierre and Miquelon","NAME_LONG":"Saint Pierre and Miquelon","NAME_IT":"Saint-Pierre e Miquelon","ADMIN":"Saint Pierre and Miquelon"}},
{"type":"Feature","geometry":{"type":"Polygon","coordinates":[[[-178.05,-14.32],[-178.14,-14.24],[-178.16,-14.31],[-178.05,-14.32]]]},"properties":{"ISO_A3":"WLF","ADM0_A3":"WLF","ISO_A2":"WF","NAME":"Wallis and Futuna Is.","NAME_LONG":"Wallis and Futuna Islands","NAME_IT":"Wallis e Futuna","ADMIN":"Wallis and Futuna"}},
{"type":"Feature","geometry":{"type":"Polygon","coordinates":[[[-63.01,18.07],[-63.06,18.12],[-63.12,18.07],[-63.01,18.07]]]},"properties":{"ISO_A3":"MAF","ADM0_A3":"MAF","ISO_A2":"MF","NAME":"St-Martin","NAME_LONG":"Saint-Martin","NAME_IT":"Saint-Martin","ADMIN":"Saint Martin"}},
{"type":"Feature","geometry":{"type":"Polygon","coordinates":[[[-62.83,17.88],[-62.8,17.91],[-62.87,17.92],[-62.83,17.88]]]},"properties":{"ISO_A3":"BLM","ADM0_A3":"BLM","ISO_A2":"BL","NAME":"St-Barthélemy","NAME_LONG":"Saint-Barthélemy","NAME_IT":"Saint-Barthélemy","ADMIN":"Saint Barthelemy"}},
{"type":"Feature","geometry":{"type":"Polygon","coordinates":[[[-149.32,-17.69],[-149.61,-17.53],[-149.58,-17.73],[-149.32,-17.69]]]},"properties":{"ISO_A3":"PYF","ADM0_A3":"PYF","ISO_A2":"PF","NAME":"Fr. Polynesia","NAME_LONG":"French Polynesia","NAME_IT":"Polinesia francese","ADMIN":"French Polynesia"}},
{"type":"Feature","geometry":{"type":"Polygon","coordinates":[[[164.2,-20.25],[164.17,-20.48],[165.24,-21.53],[166.77,-22.38],[166.94,-22.09],[165.66,-21.27],[165.19,-20.77],[164.2,-20.25]]]},"properties":{"ISO_A3":"NCL","ADM0_A3":"NCL","ISO_A2":"NC","NAME":"New Caledonia","NAME_LONG":"New Caledonia","NAME_IT":"Nuova Caledonia","ADMIN":"New Caledonia"}},
{"type":"Feature","geometry":{"type":"Polygon","coordinates":[[[69.18,-49.11],[69.06,-48.66],[68.78,-49.65],[70.08,-49.71],[70.32,-49.06],[69.67,-49.26],[69.18,-49.11]]]},"properties":{"ISO_A3":"ATF","ADM0_A3":"ATF","ISO_A2":"TF","NAME":"Fr. S. Antarctic Lands","NAME_LONG":"French Southern and Antarctic Lands","NAME_IT":"Terre australi e antartiche francesi","ADMIN":"French Southern and Antarctic Lands"}},
{"type":"Feature","geometry":{"type":"Polygon","coordinates":[[[19.99,60.35],[19.67,60.23],[20.03,60.09],[19.99,60.35]]]},"properties":{"ISO_A3":"ALA","ADM0_A3":"ALD","ISO_A2":"AX","NAME":"Åland","NAME_LONG":"Åland Islands","NAME_IT":"Isole Åland","ADMIN":"Aland"}},
{"type":"Feature","geometry":{"type":"Polygon","coordinates":[[[24.16,65.81],[25.35,65.48],[25.29,64.86],[24.56,64.8],[22.32,63.31],[21.55,63.2],[21.1,62.62],[21.61,61.59],[21.44,60.6],[23.46,59.99],[27.8,60.54],[29.69,61.55],[31.29,62.57],[31.53,62.89],[30,63.75],[30.5,64.02],[29.6,64.97],[29.9,66.09],[29.09,66.97],[29.98,67.69],[28.69,68.19],[28.97,69.02],[29.14,69.67],[27.89,70.06],[26.53,69.92],[25.75,68.99],[24.94,68.59],[23.85,68.81],[22.41,68.72],[21.62,69.27],[20.62,69.04],[23.64,67.95],[23.47,67.45],[23.99,66.81],[23.75,66.19],[24.16,65.81]]]},"properties":{"ISO_A3":"FIN","ADM0_A3":"FIN","ISO_A2":"FI","NAME":"Finland","NAME_LONG":"Finland","NAME_IT":"Finlandia","ADMIN":"Finland"}},
{"type":"Feature","geometry":{"type":"MultiPolygon","coordinates":[[[[180,-16.17],[180,-16.15],[179.55,-16.25],[178.5,-16.79],[178.71,-16.98],[179.57,-16.75],[180,-16.17]]],[[[178.28,-17.37],[177.62,-17.46],[177.32,-18.08],[177.85,-18.25],[178.67,-18.08],[178.28,-17.37]]]]},"properties":{"ISO_A3":"FJI","ADM0_A3":"FJI","ISO_A2":"FJ","NAME":"Fiji","NAME_LONG":"Fiji","NAME_IT":"Figi","ADMIN":"Fiji"}},
{"type":"Feature","geometry":{"type":"Polygon","coordinates":[[[35.27,5.49],[35.75,5.34],[35.76,4.81],[36.08,4.45],[36.91,4.41],[38.09,3.65],[39.49,3.46],[39.84,3.85],[40.77,4.27],[41.22,3.94],[41.88,3.98],[42.79,4.29],[43.13,4.64],[43.99,4.95],[44.94,4.91],[45.93,6],[47.98,8],[46.98,8],[44.02,8.99],[43.48,9.38],[42.66,10.62],[42.92,11],[41.8,10.98],[41.77,11.59],[42.38,12.47],[40.77,14.14],[40.22,14.43],[39.07,14.63],[38.5,14.42],[37.88,14.85],[37.57,14.15],[37.26,14.45],[36.52,14.26],[36.11,12.73],[35.6,12.54],[35.11,11.82],[34.93,10.86],[34.57,10.88],[34.28,10.53],[34.08,9.46],[34.09,8.58],[33.23,8.4],[33.01,7.95],[33.67,7.67],[34.71,6.66],[35.27,5.49]]]},"properties":{"ISO_A3":"ETH","ADM0_A3":"ETH","ISO_A2":"ET","NAME":"Ethiopia","NAME_LONG":"Ethiopia","NAME_IT":"Etiopia","ADMIN":"Ethiopia"}},
{"type":"Feature","geometry":{"type":"MultiPolygon","coordinates":[[[[28.01,59.48],[26.97,59.45],[25.51,59.64],[23.49,59.2],[23.77,58.36],[24.53,58.35],[24.32,57.87],[25.11,58.06],[26.53,57.53],[27.35,57.53],[27.75,57.84],[27.46,58.84],[28.01,59.48]]],[[[22.62,58.62],[21.86,58.5],[22.19,58.15],[23.29,58.48],[22.62,58.62]]]]},"properties":{"ISO_A3":"EST","ADM0_A3":"EST","ISO_A2":"EE","NAME":"Estonia","NAME_LONG":"Estonia","NAME_IT":"Estonia","ADMIN":"Estonia"}},
{"type":"Feature","geometry":{"type":"Polygon","coordinates":[[[36.52,14.26],[37.26,14.45],[37.57,14.15],[37.88,14.85],[38.5,14.42],[39.07,14.63],[40.22,14.43],[40.77,14.14],[42.38,12.47],[42.67,12.38],[43.12,12.71],[42.4,13.21],[42.25,13.59],[41.66,13.98],[41.18,14.62],[40.2,15.01],[39.86,15.47],[39.79,15.12],[39.3,15.92],[39.14,16.73],[38.61,18.01],[38.25,17.58],[37.78,17.46],[37.41,17.06],[37.01,17.06],[36.91,16.3],[36.43,15.13],[36.52,14.26]]]},"properties":{"ISO_A3":"ERI","ADM0_A3":"ERI","ISO_A2":"ER","NAME":"Eritrea","NAME_LONG":"Eritrea","NAME_IT":"Eritrea","ADMIN":"Eritrea"}},
{"type":"Feature","geometry":{"type":"MultiPolygon","coordinates":[[[[11.33,2.17],[9.98,2.17],[9.8,2.3],[9.81,1.93],[9.39,1.14],[9.59,1.03],[11.34,1],[11.33,2.17]]],[[[8.74,3.76],[8.47,3.26],[8.95,3.63],[8.74,3.76]]]]},"properties":{"ISO_A3":"GNQ","ADM0_A3":"GNQ","ISO_A2":"GQ","NAME":"Eq. Guinea","NAME_LONG":"Equatorial Guinea","NAME_IT":"Guinea Equatoriale","ADMIN":"Equatorial Guinea"}},
{"type":"Feature","geometry":{"type":"Polygon","coordinates":[[[-89.36,14.42],[-90.1,13.74],[-88.87,13.28],[-87.93,13.18],[-87.81,13.4],[-87.72,13.81],[-88.48,13.85],[-89.36,14.42]]]},"properties":{"ISO_A3":"SLV","ADM0_A3":"SLV","ISO_A2":"SV","NAME":"El Salvador","NAME_LONG":"El Salvador","NAME_IT":"El Salvador","ADMIN":"El Salvador"}},
{"type":"Feature","geometry":{"type":"Polygon","coordinates":[[[36.87,22],[35.7,22.95],[35.54,23.92],[35.78,23.94],[35.19,24.48],[33.96,26.65],[33.55,27.9],[32.9,28.57],[32.36,29.63],[32.57,29.97],[33.25,28.57],[34.22,27.76],[34.9,29.48],[34.25,31.21],[34.2,31.32],[33.9,31.18],[32.1,31.09],[31.52,31.46],[30.4,31.46],[29.07,30.83],[27.25,31.38],[25.15,31.65],[24.85,31.33],[24.97,30.78],[24.73,30.25],[24.98,29.18],[24.98,26.71],[24.98,24.69],[24.98,22],[28.04,22],[29.56,22],[32.61,22],[34.57,22],[36.87,22]]]},"properties":{"ISO_A3":"EGY","ADM0_A3":"EGY","ISO_A2":"EG","NAME":"Egypt","NAME_LONG":"Egypt","NAME_IT":"Egitto","ADMIN":"Egypt"}},
{"type":"Feature","geometry":{"type":"MultiPolygon","coordinates":[[[[-75.28,-0.11],[-76.31,0.45],[-76.49,0.24],[-77.42,0.42],[-77.47,0.64],[-78.86,1.46],[-78.9,1.21],[-80.09,0.78],[-80.13,-0.01],[-80.48,-0.37],[-80.55,-0.85],[-80.9,-1.08],[-80.77,-2.08],[-80.96,-2.19],[-80.28,-2.71],[-80.01,-2.35],[-79.73,-2.58],[-79.92,-3.09],[-80.32,-3.39],[-80.18,-3.88],[-80.51,-4.07],[-79.64,-4.45],[-79.08,-4.99],[-78.69,-4.56],[-78.35,-3.4],[-77.86,-2.98],[-76.68,-2.56],[-76.09,-2.13],[-75.57,-1.53],[-75.26,-0.56],[-75.63,-0.16],[-75.28,-0.11]]],[[[-91.27,0.03],[-91.12,-0.56],[-91.37,-1.02],[-90.8,-0.75],[-91.27,0.03]]]]},"properties":{"ISO_A3":"ECU","ADM0_A3":"ECU","ISO_A2":"EC","NAME":"Ecuador","NAME_LONG":"Ecuador","NAME_IT":"Ecuador","ADMIN":"Ecuador"}},
{"type":"Feature","geometry":{"type":"Polygon","coordinates":[[[-71.77,18.04],[-71.4,17.65],[-71.03,18.27],[-70.18,18.25],[-69.77,18.44],[-68.93,18.41],[-68.72,18.22],[-68.34,18.61],[-68.68,18.9],[-69.62,19.12],[-70.13,19.64],[-70.95,19.91],[-71.78,19.72],[-71.66,19.13],[-72,18.6],[-71.77,18.04]]]},"properties":{"ISO_A3":"DOM","ADM0_A3":"DOM","ISO_A2":"DO","NAME":"Dominican Rep.","NAME_LONG":"Dominican Republic","NAME_IT":"Repubblica Dominicana","ADMIN":"Dominican Republic"}},
{"type":"Feature","geometry":{"type":"Polygon","coordinates":[[[-61.28,15.25],[-61.32,15.59],[-61.48,15.53],[-61.28,15.25]]]},"properties":{"ISO_A3":"DMA","ADM0_A3":"DMA","ISO_A2":"DM","NAME":"Dominica","NAME_LONG":"Dominica","NAME_IT":"Dominica","ADMIN":"Dominica"}},
{"type":"Feature","geometry":{"type":"Polygon","coordinates":[[[43.25,11.5],[42.54,11.5],[43.41,12.19],[43.12,12.71],[42.67,12.38],[42.38,12.47],[41.77,11.59],[41.8,10.98],[42.92,11],[43.25,11.5]]]},"properties":{"ISO_A3":"DJI","ADM0_A3":"DJI","ISO_A2":"DJ","NAME":"Djibouti","NAME_LONG":"Djibouti","NAME_IT":"Gibuti","ADMIN":"Djibouti"}},
{"type":"Feature","geometry":{"type":"MultiPolygon","coordinates":[[[[-29.95,83.56],[-37.83,83.49],[-38.28,83],[-43.01,83.26],[-45.55,82.73],[-44.24,82.37],[-45.29,81.83],[-48.86,82.41],[-50.99,82.46],[-49.54,81.92],[-54.73,82.35],[-61.2,81.75],[-61.44,81.13],[-62.9,81.22],[-67,80.41],[-64.54,80.14],[-65.97,79.13],[-72.4,78.5],[-72.06,77.94],[-69.35,77.47],[-66.69,77.68],[-66.39,77.28],[-70.86,77.18],[-70.44,76.81],[-68.22,76.68],[-69.48,76.4],[-68.15,76.07],[-63.44,76.34],[-58.52,75.69],[-58.6,75.39],[-56.26,74.53],[-55.69,73.11],[-54.74,72.87],[-55.6,72.45],[-55.59,71.55],[-54.69,71.37],[-52.75,71.5],[-53.01,71.18],[-51.38,71.12],[-51.52,70.44],[-54.17,70.82],[-54.01,70.42],[-52.25,70.06],[-50.29,70.01],[-51.25,68.74],[-53.04,68.61],[-53.38,68.3],[-51.21,68.33],[-51.6,68.05],[-53.15,68.21],[-53.88,67.14],[-53.04,66.83],[-53.63,66.41],[-53.2,65.59],[-52.35,65.46],[-51.92,64.22],[-51.47,63.64],[-49.55,62.23],[-48.92,61.28],[-48.21,60.86],[-46.87,60.82],[-45.85,61.18],[-46.05,60.62],[-45.38,60.2],[-44.12,59.83],[-43.12,60.06],[-43.3,60.44],[-42.72,60.77],[-42.15,62.57],[-40.55,63.73],[-40.78,64.22],[-40.18,64.48],[-41.08,65.1],[-39.58,65.34],[-40.19,65.52],[-38.64,65.62],[-37.29,66.32],[-38,65.71],[-36.38,65.83],[-34.1,66.73],[-33.16,67.63],[-32.27,67.92],[-32.33,68.44],[-30.61,68.12],[-26.34,68.7],[-25.19,69.26],[-22.28,70.13],[-29.04,70.46],[-28.3,71.01],[-26.72,70.95],[-25.66,71.53],[-24.38,71.15],[-23.79,70.56],[-21.52,70.53],[-21.96,71.74],[-24.67,72.44],[-22.29,72.12],[-22.04,72.92],[-23.9,73.4],[-26.75,73.12],[-24.16,73.76],[-22.19,73.27],[-20.51,73.49],[-20.37,73.85],[-21.99,73.97],[-19.37,74.28],[-20.48,75.31],[-19.43,75.23],[-20.1,76.22],[-21.88,76.57],[-20.94,76.89],[-18.51,76.78],[-18.34,77.22],[-20.23,77.37],[-21.75,77.79],[-20.96,78.56],[-18.99,79.18],[-20.14,79.8],[-19.43,80.26],[-16.87,80.2],[-16.76,80.57],[-14.5,80.76],[-11.53,81.42],[-15.56,81.83],[-17.46,81.4],[-20.02,81.56],[-23.07,80.93],[-21.15,81.7],[-21.34,82.07],[-24.29,81.7],[-25.15,82],[-29.81,81.96],[-29.58,82.16],[-23.86,82.29],[-21.52,82.6],[-29.95,83.56]]],[[[-52.73,69.94],[-54.37,70.32],[-54.92,69.71],[-53.58,69.26],[-52.11,69.49],[-52.73,69.94]]],[[[-25.43,70.92],[-27.71,70.9],[-27.9,70.45],[-25.4,70.65],[-25.43,70.92]]]]},"properties":{"ISO_A3":"GRL","ADM0_A3":"GRL","ISO_A2":"GL","NAME":"Greenland","NAME_LONG":"Greenland","NAME_IT":"Groenlandia","ADMIN":"Greenland"}},
{"type":"Feature","geometry":{"type":"Polygon","coordinates":[[[-6.63,62.23],[-7.17,62.29],[-6.72,61.99],[-6.63,62.23]]]},"properties":{"ISO_A3":"FRO","ADM0_A3":"FRO","ISO_A2":"FO","NAME":"Faeroe Is.","NAME_LONG":"Faeroe Islands","NAME_IT":"Fær Øer","ADMIN":"Faroe Islands"}},
{"type":"Feature","geometry":{"type":"MultiPolygon","coordinates":[[[[9.74,54.83],[9.59,55.49],[10.85,56.52],[10.28,56.62],[10.53,57.74],[9.55,57.23],[8.62,57.11],[8.16,56.61],[8.13,55.6],[8.62,55.42],[8.67,54.9],[9.74,54.83]]],[[[12.57,55.79],[12.58,56.06],[10.98,55.72],[11.86,54.77],[12.57,55.79]]],[[[10.65,55.61],[9.86,55.52],[9.99,55.16],[10.79,55.13],[10.65,55.61]]]]},"properties":{"ISO_A3":"DNK","ADM0_A3":"DNK","ISO_A2":"DK","NAME":"Denmark","NAME_LONG":"Denmark","NAME_IT":"Danimarca","ADMIN":"Denmark"}},
{"type":"Feature","geometry":{"type":"Polygon","coordinates":[[[18.83,49.51],[18.56,49.88],[17.87,49.97],[16.42,50.57],[14.81,50.86],[14.37,50.9],[12.45,50.35],[12.28,50.04],[12.63,49.46],[13.81,48.77],[14.69,48.6],[14.97,48.98],[16.95,48.6],[17.76,48.89],[18.83,49.51]]]},"properties":{"ISO_A3":"CZE","ADM0_A3":"CZE","ISO_A2":"CZ","NAME":"Czechia","NAME_LONG":"Czech Republic","NAME_IT":"Repubblica Ceca","ADMIN":"Czechia"}},
{"type":"Feature","geometry":{"type":"Polygon","coordinates":[[[34,35.07],[34.46,35.59],[32.71,35.17],[34,35.07]]]},"properties":{"ISO_A3":"-99","ADM0_A3":"CYN","ISO_A2":"-99","NAME":"N. Cyprus","NAME_LONG":"Northern Cyprus","NAME_IT":"Cipro del Nord","ADMIN":"Northern Cyprus"}},
{"type":"Feature","geometry":{"type":"Polygon","coordinates":[[[32.71,35.17],[32.32,34.95],[32.94,34.58],[34,35.07],[32.71,35.17]]]},"properties":{"ISO_A3":"CYP","ADM0_A3":"CYP","ISO_A2":"CY","NAME":"Cyprus","NAME_LONG":"Cyprus","NAME_IT":"Cipro","ADMIN":"Cyprus"}},
{"type":"Feature","geometry":{"type":"Polygon","coordinates":[[[-81.84,23.16],[-83.26,22.97],[-84.36,22.38],[-84.5,21.78],[-83.9,22.17],[-83.38,22.22],[-82.74,22.69],[-81.9,22.68],[-81.82,22.2],[-80.5,22.06],[-79.91,21.74],[-78.64,21.52],[-78.49,21.05],[-78,20.72],[-77.23,20.64],[-77.1,20.41],[-77.72,19.86],[-76.16,19.99],[-75.29,19.89],[-74.25,20.08],[-74.14,20.23],[-74.88,20.65],[-75.64,20.73],[-75.6,20.99],[-76.65,21.28],[-77.5,21.87],[-77.64,21.8],[-78.69,22.37],[-79.28,22.41],[-79.68,22.74],[-80.65,23.1],[-81.84,23.16]]]},"properties":{"ISO_A3":"CUB","ADM0_A3":"CUB","ISO_A2":"CU","NAME":"Cuba","NAME_LONG":"Cuba","NAME_IT":"Cuba","ADMIN":"Cuba"}},
{"type":"Feature","geometry":{"type":"MultiPolygon","coordinates":[[[[13.58,45.52],[13.97,44.84],[14.31,45.34],[14.85,45.08],[15.12,44.26],[15.99,43.52],[16.9,43.39],[17.59,42.94],[17.27,43.45],[16.71,43.78],[15.74,44.77],[15.79,45.18],[18.66,45.08],[19.01,44.87],[18.91,45.93],[17.81,45.79],[16.52,46.5],[15.64,46.2],[15.34,45.47],[13.58,45.52]]],[[[18.44,42.56],[17.67,42.9],[18.52,42.43],[18.44,42.56]]]]},"properties":{"ISO_A3":"HRV","ADM0_A3":"HRV","ISO_A2":"HR","NAME":"Croatia","NAME_LONG":"Croatia","NAME_IT":"Croazia","ADMIN":"Croatia"}},
{"type":"Feature","geometry":{"type":"Polygon","coordinates":[[[-7.99,10.16],[-8.14,9.5],[-7.78,9.08],[-7.95,8.79],[-7.68,8.41],[-8.24,8.46],[-8.02,8.14],[-8.23,7.56],[-8.49,7.56],[-8.3,7.07],[-8.6,6.51],[-7.89,6.23],[-7.45,5.84],[-7.54,4.35],[-5.91,5.01],[-5.02,5.2],[-3.02,5.13],[-2.82,5.15],[-3.2,6.35],[-3.24,6.81],[-2.79,7.93],[-2.51,8.21],[-2.75,9.11],[-2.7,9.48],[-3.22,9.9],[-3.88,9.89],[-4.33,9.65],[-4.97,9.93],[-5.52,10.43],[-6.03,10.19],[-6.26,10.72],[-6.65,10.66],[-6.97,10.18],[-7.66,10.43],[-7.99,10.16]]]},"properties":{"ISO_A3":"CIV","ADM0_A3":"CIV","ISO_A2":"CI","NAME":"Côte d'Ivoire","NAME_LONG":"Côte d'Ivoire","NAME_IT":"Costa d'Avorio","ADMIN":"Ivory Coast"}},
{"type":"Feature","geometry":{"type":"Polygon","coordinates":[[[-82.56,9.58],[-83.45,10.47],[-83.64,10.92],[-83.81,10.74],[-84.35,10.98],[-85.74,11.06],[-85.83,10.4],[-85.62,9.9],[-85.11,9.58],[-84.66,9.65],[-83.64,9.04],[-83.73,8.61],[-83.16,8.59],[-83.12,8.35],[-82.88,8.07],[-83.02,8.32],[-82.86,8.45],[-82.92,8.74],[-82.74,8.95],[-82.94,9.45],[-82.56,9.58]]]},"properties":{"ISO_A3":"CRI","ADM0_A3":"CRI","ISO_A2":"CR","NAME":"Costa Rica","NAME_LONG":"Costa Rica","NAME_IT":"Costa Rica","ADMIN":"Costa Rica"}},
{"type":"Feature","geometry":{"type":"Polygon","coordinates":[[[30.75,-8.19],[30.31,-7.2],[29.71,-6.62],[29.48,-6.02],[29.59,-5.65],[29.34,-4.98],[29.4,-4.45],[29.22,-3.91],[29.22,-3.05],[29.01,-2.72],[28.88,-2.4],[29.58,-1.39],[29.72,0.1],[29.94,0.82],[31.25,2.04],[30.73,2.46],[30.84,3.49],[30.19,3.98],[29.68,4.59],[29.15,4.39],[28.73,4.5],[28.19,4.35],[27.4,5.11],[26.82,5.06],[25.53,5.31],[25.25,5.02],[24.32,4.99],[23.42,4.66],[22.76,4.65],[22.42,4.13],[20.56,4.46],[20.23,4.83],[19.5,5.13],[19.07,4.89],[18.57,4.26],[18.61,3.48],[18.07,2.01],[17.9,1.12],[17.75,-0.55],[16.88,-1.23],[16.22,-2.18],[16.15,-3.46],[14.71,-4.88],[14.41,-4.83],[14.36,-4.3],[13.41,-4.84],[13.07,-4.63],[12.45,-5.07],[12.5,-5.7],[12.21,-5.76],[12.41,-5.99],[13.07,-5.86],[16.32,-5.87],[16.72,-6.24],[16.98,-7.26],[17.54,-8.08],[18.65,-7.94],[19.34,-7.97],[19.53,-7.14],[20.6,-6.94],[20.61,-7.28],[21.75,-7.31],[21.9,-8.34],[21.86,-9.59],[22.27,-10.26],[22.28,-11.19],[22.56,-11.06],[23.83,-11.01],[23.97,-10.87],[24.34,-11.37],[25.32,-11.24],[25.35,-11.62],[26.03,-11.89],[26.95,-11.9],[27.2,-11.61],[27.53,-12.2],[28.36,-12.48],[29.01,-13.37],[29.8,-13.39],[29.8,-12.16],[29.43,-12.43],[29.06,-12.35],[28.36,-11.48],[28.64,-10.67],[28.63,-9.83],[28.4,-9.22],[28.9,-8.49],[30.75,-8.19]]]},"properties":{"ISO_A3":"COD","ADM0_A3":"COD","ISO_A2":"CD","NAME":"Dem. Rep. Congo","NAME_LONG":"Democratic Republic of the Congo","NAME_IT":"Repubblica Democratica del Congo","ADMIN":"Democratic Republic of the Congo"}},
{"type":"Feature","geometry":{"type":"Polygon","coordinates":[[[11.13,-3.92],[11.78,-4.57],[12.02,-5],[12.38,-4.62],[12.88,-4.45],[13.07,-4.63],[13.41,-4.84],[14.36,-4.3],[14.41,-4.83],[14.71,-4.88],[16.15,-3.46],[16.22,-2.18],[16.88,-1.23],[17.75,-0.55],[17.9,1.12],[18.07,2.01],[18.61,3.48],[17.44,3.68],[16.67,3.54],[16.18,2.27],[16.06,1.68],[15.74,1.91],[14.48,2.15],[13.29,2.16],[13.27,1.24],[14.18,1.37],[14.43,0.81],[13.88,0.19],[13.86,-0.2],[14.48,-0.62],[14.38,-1.89],[14.09,-2.47],[13.73,-2.14],[13.46,-2.4],[12.99,-2.31],[12.79,-1.93],[12.43,-1.93],[12.45,-2.33],[11.61,-2.34],[11.54,-2.84],[11.93,-3.32],[11.85,-3.7],[11.5,-3.52],[11.13,-3.92]]]},"properties":{"ISO_A3":"COG","ADM0_A3":"COG","ISO_A2":"CG","NAME":"Congo","NAME_LONG":"Republic of the Congo","NAME_IT":"Repubblica del Congo","ADMIN":"Republic of the Congo"}},
{"type":"Feature","geometry":{"type":"Polygon","coordinates":[[[43.47,-11.9],[43.39,-11.41],[43.23,-11.75],[43.47,-11.9]]]},"properties":{"ISO_A3":"COM","ADM0_A3":"COM","ISO_A2":"KM","NAME":"Comoros","NAME_LONG":"Comoros","NAME_IT":"Comore","ADMIN":"Comoros"}},
{"type":"Feature","geometry":{"type":"Polygon","coordinates":[[[-71.32,11.86],[-71.26,12.34],[-71.71,12.42],[-72.28,11.89],[-73.31,11.3],[-74.06,11.34],[-74.4,10.77],[-74.84,11.11],[-75.45,10.61],[-75.64,9.45],[-76.92,8.57],[-76.74,8],[-77.37,8.66],[-77.2,7.97],[-77.9,7.23],[-77.36,6.5],[-77.25,5.78],[-77.4,5.42],[-77.29,4.72],[-77.43,4.06],[-77.08,3.91],[-77.67,2.88],[-78.62,2.31],[-78.58,1.77],[-78.86,1.46],[-77.47,0.64],[-77.42,0.42],[-76.49,0.24],[-76.31,0.45],[-75.28,-0.11],[-74.8,-0.2],[-74.25,-0.97],[-73.66,-1.25],[-73.2,-1.83],[-73.15,-2.28],[-72.4,-2.43],[-71.75,-2.15],[-71.4,-2.33],[-70.91,-2.22],[-70.07,-2.75],[-70.74,-3.78],[-70.34,-3.81],[-69.97,-4.24],[-69.4,-1.19],[-69.67,-0.48],[-70.07,-0.14],[-70.05,0.58],[-69.17,0.64],[-69.36,1.06],[-69.85,1.06],[-69.85,1.71],[-68.18,1.72],[-67.5,2.11],[-66.88,1.22],[-67.21,2.39],[-67.83,2.89],[-67.31,3.42],[-67.66,3.86],[-67.86,4.51],[-67.82,5.27],[-67.44,6.03],[-67.86,6.29],[-69.44,6.13],[-70.1,6.94],[-70.66,7.08],[-71.89,6.99],[-72.44,7.45],[-72.42,8.38],[-72.8,9.11],[-73.36,9.23],[-73.01,9.79],[-72.87,10.49],[-71.96,11.67],[-71.32,11.86]]]},"properties":{"ISO_A3":"COL","ADM0_A3":"COL","ISO_A2":"CO","NAME":"Colombia","NAME_LONG":"Colombia","NAME_IT":"Colombia","ADMIN":"Colombia"}},
{"type":"Feature","geometry":{"type":"MultiPolygon","coordinates":[[[[107.97,21.51],[108.53,21.67],[109.08,21.44],[109.93,21.48],[109.68,21.13],[110.12,20.26],[110.51,20.52],[110.18,20.86],[110.41,21.34],[111.6,21.56],[111.94,21.85],[112.59,21.78],[113.48,22.2],[113.53,22.25],[113.33,22.91],[114.02,22.51],[114.27,22.54],[115.2,22.82],[115.5,22.72],[116.47,22.95],[116.63,23.35],[118.06,24.25],[118.09,24.63],[118.56,24.58],[119.15,25.41],[119.59,25.37],[119.62,26],[121.1,28.29],[121.6,28.37],[121.48,28.64],[121.92,29.14],[122.08,29.87],[121.16,30.3],[120.63,30.13],[121.53,30.84],[121.88,30.92],[121.66,31.32],[120.72,31.98],[121.87,31.7],[121.4,32.37],[120.85,32.66],[120.87,33.02],[120.2,34.33],[119.2,34.75],[119.43,35.3],[120.68,36.17],[120.99,36.6],[121.93,36.96],[122.34,36.83],[122.67,37.4],[121.64,37.46],[120.75,37.83],[119.45,37.12],[118.95,37.33],[118.94,38.04],[118.01,38.18],[117.56,38.63],[117.78,39.13],[118.91,39.17],[119.59,39.9],[120.48,40.23],[121.17,40.9],[121.86,40.84],[122.28,40.54],[121.28,39.38],[121.82,39.39],[121.11,38.92],[121.65,38.87],[123.03,39.67],[124.36,40],[124.89,40.46],[125.99,40.9],[126.9,41.78],[127.18,41.53],[128.11,41.39],[128.05,41.99],[128.92,42.04],[129.72,42.48],[129.9,43],[130.53,42.54],[131.07,42.9],[131.26,43.43],[131.08,44.91],[131.85,45.33],[132.94,45.03],[133.86,46.25],[134.17,47.3],[134.75,47.72],[134.29,48.37],[132.71,47.95],[132.56,47.77],[131,47.69],[130.55,48.86],[129.5,49.39],[128,49.57],[126.92,51.1],[126.31,52.4],[125.65,53.04],[124.88,53.13],[123.61,53.55],[122.34,53.49],[120.7,53.17],[120.07,52.63],[120.7,52.49],[120.75,52.1],[120.07,51.6],[119.16,50.41],[119.26,50.07],[117.87,49.51],[116.68,49.82],[115.56,47.95],[115.9,47.69],[116.76,47.87],[117.35,47.65],[117.77,47.99],[118.5,47.98],[119.71,47.15],[119.71,46.61],[118.31,46.72],[117.33,46.36],[116.56,46.29],[115.68,45.46],[114.52,45.36],[113.59,44.75],[111.9,45.06],[111.4,44.37],[111.93,43.71],[111.01,43.34],[110.4,42.77],[109.44,42.46],[106.77,42.29],[105.2,41.74],[104.5,41.88],[103.71,41.75],[101.97,42.22],[101.71,42.47],[99.98,42.68],[99.47,42.57],[97.21,42.79],[96.39,42.72],[95.91,43.21],[95.35,44.28],[94.71,44.35],[93.66,44.9],[90.88,45.2],[90.66,45.53],[91,46.04],[90.87,46.95],[90.31,47.68],[89.05,48],[87.98,48.56],[87.81,49.16],[87.32,49.09],[86.75,49.01],[86.55,48.53],[85.75,48.39],[85.53,47.92],[85.66,47.25],[84.79,46.83],[83.19,47.19],[82.33,45.52],[82.48,45.12],[81.69,45.35],[80.06,45.01],[80.46,44.75],[80.36,44.1],[80.79,43.16],[80.17,42.67],[80.21,42.19],[80.22,42.03],[78.36,41.37],[78.12,41.08],[76.82,40.98],[76.48,40.45],[75.68,40.31],[75.58,40.61],[73.99,40.04],[73.63,39.45],[73.8,38.61],[74.75,38.51],[74.89,37.23],[74.54,37.02],[75.84,36.65],[76.15,35.83],[76.77,35.66],[77.8,35.5],[78.28,34.65],[78.97,34.23],[78.8,33.5],[79.11,33.23],[79.22,32.5],[78.39,32.52],[78.74,31.96],[78.79,31.29],[79.11,31.4],[79.57,30.95],[81.01,30.16],[82.04,30.33],[82.16,30.12],[83.16,29.61],[83.58,29.18],[84.1,29.22],[85.12,28.32],[85.68,28.28],[85.95,27.93],[86.55,28.09],[87.14,27.84],[88.11,27.87],[88.62,28.09],[88.89,27.32],[89.54,28.11],[89.98,28.31],[90.35,28.08],[91.61,27.95],[91.63,27.76],[92.66,27.95],[93.21,28.59],[93.9,28.8],[94.62,29.31],[95.42,29.05],[96.04,29.45],[96.58,28.76],[96.6,28.46],[97.32,28.22],[97.54,28.51],[98.1,28.14],[98.24,27.66],[98.65,27.57],[98.73,26.58],[98.63,25.83],[97.82,25.25],[97.53,24.49],[97.69,24.13],[98.83,24.09],[98.68,23.84],[98.86,23.19],[99.34,23.1],[99.19,22.13],[99.92,22.03],[100.21,21.46],[101.08,21.76],[101.14,21.57],[101.22,21.22],[101.7,21.15],[101.67,22.46],[102.13,22.38],[102.52,22.74],[103.01,22.45],[103.3,22.76],[103.92,22.54],[104.8,22.91],[105.28,23.35],[105.84,22.92],[106.78,22.78],[106.54,22.4],[106.66,21.98],[107.35,21.61],[107.97,21.51]]],[[[110.89,19.99],[110.68,20.14],[109.31,19.9],[108.69,19.34],[108.7,18.54],[109.52,18.22],[110.45,18.75],[111.01,19.66],[110.89,19.99]]]]},"properties":{"ISO_A3":"CHN","ADM0_A3":"CHN","ISO_A2":"CN","NAME":"China","NAME_LONG":"China","NAME_IT":"Cina","ADMIN":"China"}},
{"type":"Feature","geometry":{"type":"Polygon","coordinates":[[[113.48,22.2],[113.55,22.22],[113.53,22.25],[113.48,22.2]]]},"properties":{"ISO_A3":"MAC","ADM0_A3":"MAC","ISO_A2":"MO","NAME":"Macao","NAME_LONG":"Macao","NAME_IT":"Macao","ADMIN":"Macao S.A.R"}},
{"type":"Feature","geometry":{"type":"Polygon","coordinates":[[[114.02,22.51],[114.27,22.3],[114.27,22.54],[114.02,22.51]]]},"properties":{"ISO_A3":"HKG","ADM0_A3":"HKG","ISO_A2":"HK","NAME":"Hong Kong","NAME_LONG":"Hong Kong","NAME_IT":"Hong Kong","ADMIN":"Hong Kong S.A.R."}},
{"type":"Feature","geometry":{"type":"MultiPolygon","coordinates":[[[[-70.42,-18.35],[-70.15,-19.81],[-70.2,-20.73],[-70.09,-21.49],[-70.33,-22.85],[-70.56,-23.06],[-70.57,-24.64],[-70.45,-25.17],[-70.71,-25.78],[-70.65,-26.33],[-71.19,-28.38],[-71.52,-28.93],[-71.32,-29.65],[-71.67,-30.33],[-71.66,-31.17],[-71.42,-32.39],[-71.74,-33.1],[-71.66,-33.65],[-72,-34.17],[-72.22,-35.1],[-72.62,-35.59],[-73.22,-37.17],[-73.6,-37.19],[-73.66,-37.7],[-73.23,-39.22],[-73.67,-40.08],[-73.97,-41.12],[-73.74,-41.74],[-72.67,-41.66],[-72.43,-42.43],[-72.79,-42.3],[-73,-43.63],[-73.27,-44.17],[-72.66,-44.44],[-73.36,-44.98],[-73.2,-45.35],[-74.08,-46.13],[-74.16,-45.77],[-75.07,-45.87],[-74.92,-46.16],[-75.66,-46.61],[-75.15,-46.6],[-74.16,-47.18],[-74.65,-47.7],[-73.61,-47.99],[-74.58,-48],[-74.38,-48.79],[-74.33,-49.97],[-75.09,-50.68],[-74.81,-51.06],[-73.9,-51.33],[-74.2,-51.68],[-73.14,-52.13],[-74.3,-52.12],[-74.01,-52.64],[-73.12,-53.07],[-72.64,-52.53],[-71.51,-52.61],[-72.68,-52.75],[-73.05,-53.24],[-72.46,-53.25],[-71.39,-52.76],[-71.74,-53.23],[-72.31,-53.25],[-72.17,-53.63],[-71,-53.78],[-70.8,-52.77],[-69.24,-52.21],[-68.44,-52.36],[-69.96,-52.01],[-71.92,-51.99],[-72.41,-51.54],[-72.34,-50.68],[-73.15,-50.74],[-73.5,-50.13],[-73.46,-49.31],[-73.14,-49.3],[-72.35,-48.37],[-72.52,-47.88],[-71.9,-47.2],[-71.7,-46.58],[-71.75,-45.58],[-71.35,-45.23],[-71.96,-44.79],[-71.26,-44.76],[-71.21,-44.44],[-71.82,-44.38],[-71.78,-43.17],[-72.15,-42.99],[-72.12,-42.3],[-71.76,-42.1],[-71.93,-40.69],[-71.43,-38.99],[-70.95,-38.74],[-71.17,-37.76],[-71.06,-36.52],[-70.4,-36.06],[-70.47,-35.33],[-70.05,-34.3],[-69.85,-34.22],[-69.82,-33.28],[-70.02,-33.27],[-70.17,-32.47],[-70.59,-31.57],[-70.16,-30.44],[-69.96,-30.36],[-70.03,-29.32],[-69.66,-28.41],[-69.17,-27.92],[-68.85,-27.15],[-68.35,-27.03],[-68.58,-26.52],[-68.41,-26.15],[-68.6,-25.49],[-68.56,-24.84],[-68.25,-24.39],[-67.36,-24.03],[-67.01,-23],[-67.19,-22.82],[-67.88,-22.82],[-68.2,-21.3],[-68.75,-20.46],[-68.7,-19.72],[-68.46,-19.43],[-68.97,-18.97],[-69.09,-18.05],[-69.51,-17.51],[-69.85,-17.7],[-69.93,-18.21],[-70.42,-18.35]]],[[[-68.63,-52.65],[-69.5,-52.49],[-70.46,-53.21],[-69.35,-53.48],[-70.15,-53.76],[-69.99,-54.11],[-69.04,-54.41],[-70.17,-54.38],[-70.87,-53.88],[-70.7,-54.35],[-71.91,-54.49],[-70.5,-54.81],[-69.72,-54.71],[-68.65,-54.85],[-68.63,-52.65]]],[[[-67.08,-55.15],[-68.3,-54.98],[-68.07,-55.22],[-67.08,-55.15]]],[[[-73.77,-43.35],[-73.44,-42.94],[-73.53,-41.9],[-74.04,-41.8],[-74.39,-43.23],[-73.77,-43.35]]],[[[-74.48,-49.15],[-74.79,-48.71],[-75.55,-49.79],[-74.96,-49.53],[-74.59,-50.01],[-74.48,-49.15]]],[[[-75.51,-48.76],[-75.16,-48.62],[-75.39,-48.02],[-75.51,-48.76]]],[[[-74.57,-48.59],[-74.83,-47.85],[-75.2,-47.97],[-74.92,-48.63],[-74.57,-48.59]]],[[[-72.92,-53.48],[-73.85,-53.55],[-73.3,-53.94],[-72.21,-53.81],[-72.92,-53.48]]],[[[-69.7,-54.92],[-68.05,-55.64],[-68.28,-55.26],[-69.7,-54.92]]],[[[-71.39,-54.03],[-72,-53.88],[-71.95,-54.3],[-71.14,-54.37],[-71.39,-54.03]]],[[[-73.74,-44.39],[-73.9,-44.13],[-74.62,-44.65],[-74.1,-45.33],[-73.73,-45.12],[-73.98,-44.49],[-73.74,-44.39]]],[[[-74.31,-45.69],[-74.31,-45.17],[-74.69,-45.66],[-74.31,-45.69]]]]},"properties":{"ISO_A3":"CHL","ADM0_A3":"CHL","ISO_A2":"CL","NAME":"Chile","NAME_LONG":"Chile","NAME_IT":"Cile","ADMIN":"Chile"}},
{"type":"Feature","geometry":{"type":"Polygon","coordinates":[[[23.98,19.5],[21.58,20.68],[18.23,22.34],[15.98,23.45],[14.98,23],[15.18,21.52],[15.95,20.3],[15.74,19.9],[15.47,16.91],[14.37,15.75],[13.45,14.38],[13.61,13.7],[14.06,13.08],[14.52,12.98],[15.08,11.85],[15.03,11.11],[15.28,10.36],[15.65,10.01],[14.24,9.98],[13.98,9.69],[14.33,9.2],[15.12,8.56],[15.48,7.52],[15.85,7.48],[16.55,7.87],[16.78,7.55],[17.65,7.98],[18.59,8.06],[19.11,8.66],[19.15,9.02],[20.34,9.13],[20.77,9.41],[21.73,10.37],[21.71,10.57],[22.49,11],[22.86,10.92],[22.92,11.34],[22.56,11.67],[22.35,12.66],[21.83,12.79],[22.23,13.33],[22.11,13.73],[22.51,14.13],[22.38,14.55],[22.67,14.72],[23.11,15.7],[23.98,15.78],[23.98,19.5]]]},"properties":{"ISO_A3":"TCD","ADM0_A3":"TCD","ISO_A2":"TD","NAME":"Chad","NAME_LONG":"Chad","NAME_IT":"Ciad","ADMIN":"Chad"}},
{"type":"Feature","geometry":{"type":"Polygon","coordinates":[[[24.15,8.67],[23.54,8.82],[23.65,9.82],[22.86,10.92],[22.49,11],[21.71,10.57],[21.73,10.37],[20.77,9.41],[20.34,9.13],[19.15,9.02],[19.11,8.66],[18.59,8.06],[17.65,7.98],[16.78,7.55],[16.55,7.87],[15.85,7.48],[15.48,7.52],[14.74,6.28],[14.56,5.28],[14.71,4.67],[15.02,4.36],[15.13,3.83],[16.06,2.91],[16.18,2.27],[16.67,3.54],[17.44,3.68],[18.61,3.48],[18.57,4.26],[19.07,4.89],[19.5,5.13],[20.23,4.83],[20.56,4.46],[22.42,4.13],[22.76,4.65],[23.42,4.66],[24.32,4.99],[25.25,5.02],[25.53,5.31],[26.82,5.06],[27.4,5.11],[27.08,5.78],[26.51,6.07],[26.36,6.64],[25.19,7.52],[24.85,8.14],[24.29,8.29],[24.15,8.67]]]},"properties":{"ISO_A3":"CAF","ADM0_A3":"CAF","ISO_A2":"CF","NAME":"Central African Rep.","NAME_LONG":"Central African Republic","NAME_IT":"Repubblica Centrafricana","ADMIN":"Central African Republic"}},
{"type":"Feature","geometry":{"type":"Polygon","coordinates":[[[-23.44,15.01],[-23.75,15.33],[-23.79,15.08],[-23.44,15.01]]]},"properties":{"ISO_A3":"CPV","ADM0_A3":"CPV","ISO_A2":"CV","NAME":"Cabo Verde","NAME_LONG":"Republic of Cabo Verde","NAME_IT":"Capo Verde","ADMIN":"Cabo Verde"}},
{"type":"Feature","geometry":{"type":"MultiPolygon","coordinates":[[[[-130.03,55.89],[-129.99,55.36],[-129.56,55.46],[-130.43,54.42],[-130.04,54.13],[-130.34,53.72],[-129.56,53.25],[-129.11,53.64],[-128.37,52.83],[-128.36,52.16],[-127.87,51.78],[-127.71,51.15],[-126.45,50.55],[-125.06,50.51],[-124.78,50.02],[-123.34,49.46],[-122.79,48.99],[-118,48.99],[-115.44,48.99],[-112.03,48.99],[-109.47,48.99],[-106.48,48.99],[-103.5,48.99],[-99.24,48.99],[-95.16,48.99],[-94.85,49.3],[-94.62,48.74],[-93.71,48.53],[-93,48.61],[-91.52,48.06],[-90.84,48.2],[-89.46,48],[-88.38,48.3],[-84.88,46.9],[-84.56,46.46],[-84.19,46.55],[-83.98,46.08],[-82.55,45.35],[-82.14,43.57],[-82.55,42.62],[-83.14,41.98],[-82.44,41.67],[-81.28,42.21],[-80.25,42.37],[-78.92,42.91],[-79.17,43.47],[-78.72,43.62],[-76.82,43.63],[-76.46,44.06],[-75.18,44.9],[-74.71,45],[-73.97,45.35],[-72.98,46.21],[-71.88,46.69],[-71.27,46.8],[-70.71,47.14],[-69.91,47.83],[-68.93,48.83],[-68.06,49.26],[-67.37,49.35],[-66.5,50.21],[-62.72,50.3],[-61.29,50.2],[-60.08,50.25],[-58.51,51.3],[-56.98,51.46],[-55.69,52.24],[-55.8,53.21],[-56.11,53.59],[-57.13,53.79],[-57.42,54.16],[-58.19,54.23],[-60.33,53.27],[-59.82,53.83],[-58.63,54.05],[-57.4,54.57],[-57.96,54.88],[-58.78,54.84],[-59.76,55.31],[-60.62,55.06],[-60.34,55.78],[-61.45,56],[-61.33,57.01],[-62.45,57.46],[-61.9,57.86],[-64.71,60.34],[-65.41,59.8],[-65.61,59.11],[-67.57,58.21],[-68.41,58.78],[-69.53,58.87],[-69.4,59.34],[-69.81,59.94],[-69.47,61.01],[-71.42,61.16],[-72.23,61.83],[-73.63,62.45],[-74.65,62.21],[-77.37,62.57],[-78.07,62.36],[-77.51,61.56],[-78.18,60.82],[-77.31,60.04],[-78.52,58.68],[-77.16,58.02],[-76.57,57.18],[-76.65,56.11],[-77.89,55.24],[-79.67,54.7],[-78.94,53.84],[-79.11,53.72],[-78.49,52.25],[-79.71,51.12],[-80.48,51.31],[-80.66,51.76],[-81.55,52.24],[-82.26,52.96],[-82.14,53.82],[-82.42,54.36],[-82.22,54.81],[-82.58,55.15],[-85.21,55.3],[-85.68,55.6],[-87.56,56.06],[-88.95,56.85],[-91.11,57.24],[-92.73,56.93],[-92.49,57.47],[-93.28,58.76],[-94.67,58.87],[-94.79,59.95],[-94.06,61.32],[-92.53,62.17],[-92.36,62.82],[-90.78,62.97],[-90.75,63.35],[-91.84,63.7],[-90.25,63.64],[-90.17,63.98],[-88.11,64.18],[-87.03,65.2],[-88.97,65.35],[-89.75,65.94],[-87.97,65.35],[-87.29,65.35],[-86.04,66.02],[-86.63,66.53],[-85.44,66.54],[-84.48,66.18],[-83.52,66.37],[-81.47,67.07],[-81.27,67.46],[-82.55,68.45],[-81.28,68.66],[-81.33,69.12],[-82.37,69.64],[-85.42,69.85],[-85.52,68.77],[-86.54,67.52],[-87.27,67.18],[-88.2,67.77],[-88.04,68.81],[-89.06,69.27],[-90.2,68.26],[-90.89,69.27],[-90.55,69.5],[-92.89,69.67],[-91.98,70.29],[-92.98,70.85],[-92.95,71.26],[-94.56,71.98],[-96.41,71.27],[-96.55,70.33],[-96.05,69.83],[-94.27,69.46],[-94.56,68.91],[-93.64,68.63],[-95.65,67.74],[-95.35,66.98],[-96.37,67.55],[-95.97,68.25],[-96.73,68.06],[-97.41,68.5],[-98.65,68.36],[-98.41,67.81],[-102.32,67.74],[-103.47,68.12],[-104.19,68.03],[-106.16,68.92],[-108.31,68.61],[-108.69,68.28],[-105.78,68.53],[-107.76,68.03],[-107.97,67.73],[-107.16,66.88],[-107.71,66.74],[-108.59,67.59],[-110.1,67.99],[-112.44,67.68],[-115.43,67.9],[-113.96,68.4],[-115.63,68.97],[-116.06,68.84],[-118.1,69.04],[-120.96,69.66],[-123.03,69.81],[-124.43,69.38],[-124.44,70.11],[-125.39,69.35],[-127.68,70.26],[-131.01,69.43],[-131.86,69.55],[-129.65,70],[-130.5,70.14],[-134.17,69.25],[-133.9,69.53],[-135.69,69.31],[-136.72,68.89],[-139.18,69.52],[-141,69.65],[-141,66.73],[-141,64.98],[-141,62.35],[-141,60.3],[-139.19,60.08],[-137.59,59.23],[-137.44,58.9],[-136.81,59.15],[-136.58,59.15],[-136.32,59.6],[-135.48,59.79],[-134.94,59.29],[-133.82,58.71],[-131.58,56.6],[-130.1,56.11],[-130.03,55.89]]],[[[-67.12,45.17],[-65.88,45.22],[-64.31,45.84],[-64.91,45.37],[-64.33,45.31],[-65.66,44.76],[-66.1,44.37],[-66.13,43.81],[-65.74,43.56],[-64.86,43.87],[-64,44.64],[-63.76,44.49],[-61.03,45.29],[-61.96,45.87],[-62.48,45.62],[-63.29,45.75],[-64.54,46.24],[-64.91,46.89],[-65.32,47.1],[-64.7,47.72],[-65.67,47.7],[-66.43,48.07],[-65.26,48.02],[-64.35,48.42],[-64.26,48.92],[-64.84,49.19],[-66.18,49.21],[-67.56,48.86],[-68.99,48.28],[-70.52,47.03],[-71.26,46.76],[-71.9,46.63],[-73.16,46.01],[-73.56,45.43],[-74.71,45],[-71.52,45.01],[-70.9,45.26],[-70.3,45.91],[-70.01,46.71],[-69.24,47.46],[-68.83,47.2],[-68.31,47.35],[-67.81,47.08],[-67.78,45.7],[-67.12,45.17]]],[[[-132.66,54.13],[-133.05,54.16],[-132.85,53.51],[-132.01,53.27],[-131.67,54.14],[-132.66,54.13]]],[[[-131.75,53.2],[-132.55,53.14],[-131.22,52.15],[-131.75,53.2]]],[[[-127.2,50.64],[-128.35,50.74],[-127.86,50.13],[-127.25,50.14],[-126.35,49.66],[-125.12,48.76],[-123.59,48.33],[-124,49.22],[-124.64,49.43],[-125.48,50.32],[-127.2,50.64]]],[[[-109.82,78.65],[-113.15,78.41],[-109.39,78.34],[-109.82,78.65]]],[[[-110.46,78.1],[-113.22,77.9],[-111.95,77.34],[-110.2,77.52],[-110.46,78.1]]],[[[-115.55,77.36],[-119.09,77.31],[-122.4,75.94],[-119.91,75.86],[-119.52,76.34],[-117.78,76.78],[-117.15,76.3],[-115.55,77.36]]],[[[-108.29,76.06],[-108.47,76.74],[-110.27,76.42],[-109.09,75.51],[-111.05,75.55],[-112.7,76.2],[-115.58,76.44],[-117.03,75.6],[-115.12,75.71],[-117.6,75.27],[-115.73,74.97],[-111.03,75.23],[-114.13,74.77],[-113.51,74.43],[-110.94,74.64],[-108.83,75.06],[-107.15,74.93],[-105.86,75.19],[-105.48,75.75],[-106.4,76.06],[-108.29,76.06]]],[[[-114.52,72.59],[-114.64,73.37],[-117.55,72.83],[-118.87,71.69],[-117.72,71.39],[-115.59,71.55],[-117.81,71.16],[-117.59,70.63],[-113.76,70.69],[-111.63,70.31],[-114.59,70.31],[-117.14,70.1],[-116.51,69.42],[-113.69,69.2],[-113.13,68.49],[-111.31,68.54],[-107.44,69],[-106.66,69.44],[-105.11,68.92],[-102.9,68.82],[-101.86,69.02],[-101.98,69.41],[-103.06,69.48],[-102.23,69.84],[-100.94,69.72],[-101.56,70.14],[-104.57,71.1],[-104.35,71.43],[-105.81,73.01],[-108.03,73.35],[-108.24,73.11],[-107.31,71.89],[-108.21,71.75],[-108.75,72.55],[-110.01,72.98],[-110.21,72.66],[-113.21,72.98],[-114.52,72.59]]],[[[-119.74,74.11],[-121.32,74.53],[-124.7,74.35],[-123.8,73.77],[-125.76,72.14],[-124.01,71.68],[-122.94,71.09],[-120.62,71.51],[-120.18,72.21],[-118.96,72.68],[-115.45,73.44],[-117.51,74.23],[-119.74,74.11]]],[[[-69.49,83.02],[-80.15,82.91],[-82.45,82.43],[-79.42,81.85],[-84.9,82.45],[-90.49,81.88],[-91.4,81.58],[-88.48,81.56],[-89.95,81.17],[-88.92,80.81],[-84.08,80.56],[-81.01,80.65],[-78.29,81.17],[-76.85,80.88],[-82.96,80.28],[-86.31,80.32],[-86.42,79.85],[-83.27,78.77],[-86.81,78.77],[-87.55,78.18],[-85.02,78.31],[-85.29,77.56],[-87.02,77.89],[-88.09,77.72],[-86.85,77.17],[-89.5,76.83],[-89.57,76.49],[-85.14,76.3],[-81.17,76.51],[-80.69,76.18],[-78.28,76.57],[-78.29,76.98],[-81.12,77.27],[-78.87,77.33],[-78.01,77.95],[-75.87,78.01],[-76.42,78.51],[-74.43,78.72],[-74.53,79.05],[-76.9,79.51],[-73.29,79.52],[-71.39,79.76],[-68.63,80.68],[-65.48,81.28],[-66.63,81.62],[-62.18,82.04],[-61.48,82.47],[-64.9,82.9],[-69.49,83.02]]],[[[-95.48,77.79],[-95.99,77.48],[-93.52,77.47],[-95.48,77.79]]],[[[-93.54,75.03],[-94.43,75.59],[-95.67,75.53],[-96.56,74.99],[-94.7,74.64],[-93.54,75.03]]],[[[-100,73.95],[-101.45,73.43],[-100.1,72.96],[-102.71,72.78],[-100.59,72.15],[-99.17,71.37],[-96.61,71.83],[-96.54,72.7],[-98.44,73],[-97.27,73.39],[-97.58,73.89],[-99.16,73.73],[-100,73.95]]],[[[-84.92,65.26],[-85.55,65.92],[-85.96,65.7],[-86.37,64.57],[-86.25,64.14],[-87.19,63.67],[-85.8,63.71],[-85.5,63.14],[-84.63,63.31],[-83.49,64.1],[-81.05,63.46],[-80.3,63.76],[-80.83,64.09],[-81.9,64.03],[-82.05,64.64],[-84.61,65.45],[-84.92,65.26]]],[[[-97.7,76.47],[-98.71,76.69],[-100.89,76.48],[-100.02,75.94],[-101.86,76.44],[-102.54,75.51],[-99.59,75.66],[-100.73,75.35],[-100.23,75.01],[-97.67,75.13],[-97.7,76.47]]],[[[-103.43,79.32],[-105.39,79.32],[-103.76,78.52],[-99.17,77.86],[-99.61,78.58],[-103.43,79.32]]],[[[-91.89,81.13],[-95.27,81],[-93.93,80.56],[-96.13,80.69],[-96.77,80.14],[-95.1,79.29],[-91.34,79.36],[-94.16,78.99],[-91.9,78.24],[-88.79,78.19],[-88.74,78.58],[-85.29,79.21],[-87.3,79.58],[-87.67,80.37],[-90.64,80.59],[-91.89,81.13]]],[[[-94.29,76.91],[-95.64,77.06],[-96.85,76.73],[-95.27,76.26],[-93.09,76.35],[-92.07,75.66],[-91.96,74.79],[-88.42,74.49],[-85.06,74.61],[-81.81,74.48],[-79.4,74.92],[-80.32,75.63],[-83.93,75.82],[-86.07,75.5],[-88.92,75.45],[-91.28,76.16],[-89.41,76.19],[-91.12,76.66],[-93,76.62],[-94.29,76.91]]],[[[-96.2,78.53],[-98.21,78.8],[-96.99,77.81],[-95.09,77.99],[-96.2,78.53]]],[[[-93.17,74.16],[-95.04,74.02],[-95.63,73.7],[-95.19,72.03],[-94.04,72.03],[-93.56,72.42],[-94.21,72.76],[-92.12,72.75],[-90.35,73.87],[-93.17,74.16]]],[[[-97.44,69.64],[-98.27,69.75],[-99.44,68.92],[-96.4,68.47],[-95.59,68.84],[-97.44,69.64]]],[[[-61.11,45.94],[-60.58,46.17],[-60.41,47],[-60.87,46.8],[-61.5,45.94],[-61.28,45.57],[-60.39,45.65],[-59.87,46.16],[-60.5,46.2],[-60.7,45.77],[-61.11,45.94]]],[[[-55.46,51.54],[-56.75,51.27],[-57.3,50.7],[-58.72,48.6],[-58.33,48.52],[-59.27,48],[-59.12,47.57],[-58.33,47.68],[-56.95,47.57],[-55.86,47.82],[-55.86,47.53],[-54.87,47.57],[-55.79,46.87],[-55.32,46.91],[-54.56,47.38],[-54.19,47.86],[-53.87,47.39],[-54.17,46.88],[-53.58,47.13],[-53.62,46.68],[-53.07,46.68],[-52.65,47.55],[-53.18,47.65],[-52.87,48.11],[-53.6,47.66],[-53.86,47.8],[-53.06,48.66],[-54.07,48.42],[-54.16,48.79],[-53.57,49.14],[-54.47,49.53],[-55.24,49.2],[-55.21,49.48],[-56.09,49.45],[-55.53,50],[-56.69,50.06],[-55.87,50.91],[-56.03,51.33],[-55.46,51.54]]],[[[-86.59,71.01],[-85.02,71.35],[-86.04,71.77],[-86.63,72.87],[-85.11,73.81],[-87.72,73.72],[-89.26,73.07],[-90.03,71.95],[-89.85,71.49],[-87.14,71.01],[-89.46,71.06],[-87.9,70.25],[-82.14,69.84],[-81.56,70.11],[-78.89,69.98],[-79.07,70.6],[-77.84,70.25],[-77.59,69.85],[-75.79,69.32],[-76.4,68.69],[-74.85,69.07],[-74.65,68.71],[-73.31,68.37],[-72.22,67.25],[-74.43,66.14],[-73.55,65.49],[-75.71,65.32],[-77.33,65.45],[-78.1,64.94],[-77.79,64.37],[-76.86,64.24],[-74.64,64.56],[-73.44,64.42],[-71.25,63.04],[-69.55,62.74],[-69.08,62.41],[-66.26,61.87],[-65.98,62.21],[-68.91,63.7],[-66.22,63.11],[-65.05,62.65],[-64.67,62.92],[-65.19,63.76],[-64.51,63.26],[-64.68,64.03],[-65.94,64.89],[-66.67,64.97],[-68.26,65.94],[-67.18,66.03],[-66.79,66.56],[-64.56,65.12],[-63.61,64.93],[-63.34,65.62],[-62.66,65.64],[-61.3,66.65],[-61.97,67.02],[-63.7,66.82],[-63.04,67.24],[-63.84,67.26],[-64.98,68.04],[-66.41,67.9],[-66.21,68.28],[-68.04,68.55],[-67.94,69.25],[-66.77,69.34],[-68.51,69.58],[-67.22,69.73],[-68.12,70.31],[-70.06,70.07],[-68.36,70.48],[-70.66,70.87],[-71.26,71.36],[-72.9,71.68],[-74.4,71.67],[-74.29,72.05],[-76.89,72.72],[-78.29,72.36],[-80.04,72.39],[-80.8,71.93],[-81.23,72.31],[-80.27,72.75],[-81.41,73.63],[-82.66,73.73],[-85.02,73.34],[-85.91,71.99],[-84.66,71.59],[-85.09,71.15],[-86.59,71.01]]],[[[-61.8,49.09],[-62.86,49.71],[-64.13,49.94],[-64.44,49.83],[-63.57,49.4],[-61.8,49.09]]],[[[-63.81,46.47],[-62.88,46],[-62.02,46.42],[-63.81,46.47]]],[[[-82,62.95],[-83.38,62.9],[-83.9,62.48],[-83.02,62.21],[-82,62.95]]],[[[-79.55,62.41],[-80.27,61.82],[-79.67,61.64],[-79.55,62.41]]],[[[-75.68,68.32],[-76.74,68.23],[-77.31,67.71],[-77,67.27],[-75.13,67.54],[-75.15,68.23],[-75.68,68.32]]],[[[-79.54,73.65],[-80.76,73.76],[-80.82,73.38],[-79.5,72.76],[-76.4,72.82],[-77.21,73.5],[-79.54,73.65]]],[[[-80.73,52.75],[-81.14,53.21],[-82.04,53.05],[-80.73,52.75]]],[[[-78.94,56.27],[-79.27,56.6],[-80,55.93],[-78.94,56.27]]],[[[-105.29,72.92],[-104.58,73.35],[-105.51,73.77],[-106.92,73.48],[-105.29,72.92]]],[[[-102.23,76.01],[-104.35,76.18],[-103.31,75.76],[-102.23,76.01]]],[[[-118.33,75.58],[-117.75,76.11],[-119.39,75.62],[-118.33,75.58]]]]},"properties":{"ISO_A3":"CAN","ADM0_A3":"CAN","ISO_A2":"CA","NAME":"Canada","NAME_LONG":"Canada","NAME_IT":"Canada","ADMIN":"Canada"}},
{"type":"Feature","geometry":{"type":"Polygon","coordinates":[[[8.56,4.76],[8.92,4.55],[9,4.09],[9.56,3.8],[9.95,3.08],[9.8,2.3],[9.98,2.17],[11.33,2.17],[11.35,2.3],[13.22,2.26],[13.29,2.16],[14.48,2.15],[15.74,1.91],[16.06,1.68],[16.18,2.27],[16.06,2.91],[15.13,3.83],[15.02,4.36],[14.71,4.67],[14.56,5.28],[14.74,6.28],[15.48,7.52],[15.12,8.56],[14.33,9.2],[13.98,9.69],[14.24,9.98],[15.65,10.01],[15.28,10.36],[15.03,11.11],[15.08,11.85],[14.52,12.98],[14.06,13.08],[14.2,12.38],[14.63,12.11],[14.56,11.49],[13.89,11.14],[12.93,9.43],[12.81,8.89],[12.4,8.6],[11.86,7.12],[11.15,6.44],[10.61,7.06],[10.14,7],[9.06,6.01],[8.56,4.76]]]},"properties":{"ISO_A3":"CMR","ADM0_A3":"CMR","ISO_A2":"CM","NAME":"Cameroon","NAME_LONG":"Cameroon","NAME_IT":"Camerun","ADMIN":"Cameroon"}},
{"type":"Feature","geometry":{"type":"Polygon","coordinates":[[[107.52,14.71],[106.82,14.31],[106.5,14.58],[105.98,14.34],[105.9,13.92],[105.18,14.35],[104.78,14.43],[103.2,14.33],[102.55,13.59],[102.32,13.54],[102.5,12.67],[102.76,12.43],[102.93,11.71],[103.15,10.91],[103.53,11.15],[103.53,10.6],[104.43,10.41],[104.85,10.53],[105.02,10.89],[105.76,10.99],[106.16,10.79],[105.86,11.29],[106.01,11.76],[107.39,12.26],[107.56,12.54],[107.61,13.44],[107.33,14.13],[107.52,14.71]]]},"properties":{"ISO_A3":"KHM","ADM0_A3":"KHM","ISO_A2":"KH","NAME":"Cambodia","NAME_LONG":"Cambodia","NAME_IT":"Cambogia","ADMIN":"Cambodia"}},
{"type":"Feature","geometry":{"type":"Polygon","coordinates":[[[100.12,20.32],[100.76,21.31],[101.14,21.57],[101.08,21.76],[100.21,21.46],[99.92,22.03],[99.19,22.13],[99.34,23.1],[98.86,23.19],[98.68,23.84],[98.83,24.09],[97.69,24.13],[97.53,24.49],[97.82,25.25],[98.63,25.83],[98.73,26.58],[98.65,27.57],[98.24,27.66],[98.1,28.14],[97.54,28.51],[97.32,28.22],[96.9,27.64],[97.04,27.1],[96.67,27.34],[96.06,27.22],[95.13,26.6],[95.13,26.04],[94.55,25.24],[94.71,25.05],[94.13,23.88],[93.31,24.02],[93.37,23.13],[93.08,22.72],[92.96,22],[92.57,21.98],[92.63,21.31],[92.18,21.29],[92.32,20.79],[93,20.07],[93.36,20.06],[94,19.44],[93.49,19.37],[94.09,18.85],[94.59,17.57],[94.22,16.02],[94.72,16.4],[94.94,15.82],[95.33,16.03],[95.39,15.72],[95.76,16.17],[96.62,16.56],[96.97,17.32],[97.38,16.52],[97.63,16.46],[97.81,14.86],[98.58,13.16],[98.74,11.59],[98.46,10.68],[98.7,10.19],[98.76,10.66],[99.61,11.78],[99.11,13.1],[99.14,13.72],[98.25,14.81],[98.19,15.2],[98.57,15.4],[98.59,16.05],[98.82,16.18],[98.44,16.98],[97.79,17.68],[97.48,18.49],[97.75,18.62],[97.82,19.46],[98.02,19.75],[98.92,19.77],[99.46,20.36],[100.12,20.32]]]},"properties":{"ISO_A3":"MMR","ADM0_A3":"MMR","ISO_A2":"MM","NAME":"Myanmar","NAME_LONG":"Myanmar","NAME_IT":"Birmania","ADMIN":"Myanmar"}},
{"type":"Feature","geometry":{"type":"Polygon","coordinates":[[[30.55,-2.4],[29.93,-2.34],[29.87,-2.72],[29.01,-2.72],[29.22,-3.05],[29.22,-3.91],[29.4,-4.45],[29.72,-4.46],[30.79,-3.27],[30.52,-2.92],[30.55,-2.4]]]},"properties":{"ISO_A3":"BDI","ADM0_A3":"BDI","ISO_A2":"BI","NAME":"Burundi","NAME_LONG":"Burundi","NAME_IT":"Burundi","ADMIN":"Burundi"}},
{"type":"Feature","geometry":{"type":"Polygon","coordinates":[[[0.9,10.99],[1.43,11.45],[1.98,11.42],[2.39,11.9],[2.07,12.71],[1.56,12.64],[0.99,13.04],[1.2,13.36],[0.62,13.7],[0.16,14.5],[0.22,14.91],[-0.76,15.05],[-2.46,14.27],[-3.2,13.67],[-3.3,13.28],[-4.05,13.38],[-4.33,13.12],[-4.43,12.34],[-5.29,11.83],[-5.3,11.21],[-5.52,10.43],[-4.97,9.93],[-4.33,9.65],[-3.88,9.89],[-3.22,9.9],[-2.7,9.48],[-2.83,11],[-0.7,10.99],[-0.07,11.12],[0.9,10.99]]]},"properties":{"ISO_A3":"BFA","ADM0_A3":"BFA","ISO_A2":"BF","NAME":"Burkina Faso","NAME_LONG":"Burkina Faso","NAME_IT":"Burkina Faso","ADMIN":"Burkina Faso"}},
{"type":"Feature","geometry":{"type":"Polygon","coordinates":[[[28.01,41.97],[27.48,42.47],[27.93,43.19],[28.59,43.74],[27.09,44.17],[25.5,43.67],[23.22,43.87],[22.71,44.24],[22.42,44.01],[22.55,43.45],[22.98,43.19],[22.47,42.84],[22.34,42.31],[23.01,41.72],[22.92,41.34],[24.52,41.55],[25.25,41.24],[26.16,41.43],[26.32,41.72],[27.29,42.08],[28.01,41.97]]]},"properties":{"ISO_A3":"BGR","ADM0_A3":"BGR","ISO_A2":"BG","NAME":"Bulgaria","NAME_LONG":"Bulgaria","NAME_IT":"Bulgaria","ADMIN":"Bulgaria"}},
{"type":"Feature","geometry":{"type":"Polygon","coordinates":[[[115.03,4.9],[115,5.02],[114.06,4.59],[114.61,4.02],[115.03,4.9]]]},"properties":{"ISO_A3":"BRN","ADM0_A3":"BRN","ISO_A2":"BN","NAME":"Brunei","NAME_LONG":"Brunei Darussalam","NAME_IT":"Brunei","ADMIN":"Brunei"}},
{"type":"Feature","geometry":{"type":"MultiPolygon","coordinates":[[[[-66.88,1.22],[-67.5,2.11],[-68.18,1.72],[-69.85,1.71],[-69.85,1.06],[-69.36,1.06],[-69.17,0.64],[-70.05,0.58],[-70.07,-0.14],[-69.67,-0.48],[-69.4,-1.19],[-69.97,-4.24],[-70.8,-4.17],[-70.97,-4.35],[-71.84,-4.5],[-72.89,-5.12],[-73.24,-6.1],[-73.24,-6.56],[-73.76,-6.91],[-74,-7.56],[-73.55,-8.35],[-72.97,-8.99],[-73.21,-9.41],[-72.38,-9.51],[-72.18,-10],[-71.24,-9.97],[-70.64,-9.48],[-70.64,-11.01],[-69.58,-10.95],[-68.4,-11.02],[-68.07,-10.7],[-66.73,-9.98],[-65.4,-9.71],[-65.32,-11.44],[-64.99,-11.98],[-64.42,-12.44],[-63.07,-12.67],[-62.77,-13],[-62.18,-13.13],[-61.79,-13.53],[-61.08,-13.49],[-60.51,-13.79],[-60.27,-15.09],[-60.18,-16.27],[-58.54,-16.33],[-58.4,-17.23],[-57.83,-17.51],[-57.57,-18.28],[-58.13,-19.74],[-58.16,-20.16],[-57.83,-21],[-57.96,-22.11],[-56.94,-22.27],[-56.39,-22.09],[-55.85,-22.31],[-55.62,-22.67],[-55.37,-23.99],[-54.63,-23.81],[-54.24,-24.05],[-54.62,-25.58],[-53.89,-25.67],[-53.67,-26.23],[-53.84,-27.12],[-54.83,-27.55],[-55.73,-28.2],[-56.48,-29.09],[-57.61,-30.19],[-56.83,-30.11],[-56.18,-30.63],[-56,-31.08],[-55.56,-30.88],[-55.25,-31.23],[-54.59,-31.49],[-53.76,-32.06],[-53.13,-32.74],[-53.53,-33.17],[-53.37,-33.74],[-52.65,-33.14],[-52.13,-32.17],[-51.97,-31.38],[-51.46,-31.05],[-51.16,-30.36],[-50.65,-30.24],[-50.69,-30.7],[-52.04,-32.11],[-51.15,-31.48],[-50.3,-30.43],[-49.75,-29.36],[-48.8,-28.58],[-48.55,-27.2],[-48.68,-26.7],[-48.55,-25.82],[-48.69,-25.49],[-48.2,-25.42],[-47.88,-25],[-46.87,-24.24],[-45.97,-23.8],[-45.46,-23.8],[-44.64,-23.06],[-43.87,-22.91],[-42.04,-22.95],[-41.71,-22.31],[-40.99,-21.92],[-41.05,-21.51],[-40.79,-20.91],[-40.4,-20.57],[-39.7,-19.28],[-39.74,-18.64],[-39.49,-17.99],[-39.15,-17.7],[-39.22,-17.32],[-38.88,-15.86],[-39.06,-14.65],[-39.09,-13.59],[-38.69,-12.62],[-38.24,-12.84],[-37.69,-12.1],[-36.94,-10.82],[-36.4,-10.48],[-35.16,-8.93],[-34.83,-7.97],[-34.81,-7.29],[-35.24,-5.57],[-35.55,-5.13],[-36.59,-5.1],[-37.17,-4.91],[-38.05,-4.22],[-38.48,-3.72],[-39.96,-2.86],[-40.47,-2.8],[-41.32,-2.94],[-42.25,-2.79],[-43.38,-2.38],[-44.72,-3.14],[-44.44,-2.17],[-45.08,-1.47],[-46.81,-0.78],[-47.4,-0.63],[-48.12,-0.74],[-49.21,-1.92],[-49.52,-2.6],[-49.31,-1.73],[-50.4,-2.02],[-50.69,-1.76],[-50.89,-0.94],[-51.95,-1.59],[-52.66,-1.55],[-52.02,-1.4],[-51.28,-0.09],[-50.82,0.17],[-49.9,1.16],[-49.96,1.66],[-50.46,1.83],[-51.05,3.28],[-51.22,4.09],[-51.65,4.06],[-51.99,3.7],[-52.7,2.36],[-52.96,2.18],[-53.77,2.35],[-54.13,2.12],[-54.62,2.33],[-54.98,2.6],[-56.13,2.3],[-56.02,1.84],[-56.48,1.94],[-57.12,2.01],[-57.59,1.7],[-58.34,1.59],[-58.51,1.28],[-59.23,1.38],[-59.76,1.9],[-59.99,2.69],[-59.85,3.59],[-59.55,3.93],[-59.7,4.38],[-60.15,4.53],[-59.99,5.08],[-60.74,5.2],[-60.6,4.99],[-61,4.54],[-61.55,4.29],[-62.71,4.02],[-62.97,3.59],[-63.29,3.92],[-64.02,3.93],[-64.82,4.23],[-64.22,3.59],[-64.05,2.53],[-63.39,2.41],[-64.04,1.9],[-64.11,1.62],[-65.1,1.11],[-65.47,0.69],[-65.68,0.98],[-66.3,0.75],[-66.88,1.22]]],[[[-49.63,-0.23],[-50.25,-0.12],[-50.65,-0.27],[-50.78,-1.01],[-50.51,-1.79],[-49.81,-1.79],[-49.51,-1.51],[-48.93,-1.48],[-48.38,-0.35],[-49.12,-0.16],[-49.63,-0.23]]],[[[-49.74,0.27],[-50.27,0.23],[-49.84,0.01],[-49.74,0.27]]],[[[-51.83,-1.43],[-51.28,-1.02],[-51.16,-0.67],[-51.55,-0.65],[-51.83,-1.43]]]]},"properties":{"ISO_A3":"BRA","ADM0_A3":"BRA","ISO_A2":"BR","NAME":"Brazil","NAME_LONG":"Brazil","NAME_IT":"Brasile","ADMIN":"Brazil"}},
{"type":"Feature","geometry":{"type":"Polygon","coordinates":[[[25.26,-17.79],[24.36,-17.98],[23.58,-18.45],[23.3,-18.03],[20.97,-18.32],[20.97,-22],[19.98,-22],[19.98,-24.78],[20.35,-25.03],[20.79,-25.92],[20.74,-26.85],[21.65,-26.85],[22.64,-26.07],[22.88,-25.46],[23.27,-25.27],[23.89,-25.6],[24.75,-25.82],[25.58,-25.61],[25.91,-24.75],[26.84,-24.24],[26.99,-23.7],[27.76,-23.2],[28.21,-22.69],[29.36,-22.19],[29.04,-21.81],[28.05,-21.57],[27.67,-21.06],[27.7,-20.53],[27.28,-20.48],[27.22,-20.15],[26.17,-19.54],[25.26,-17.79]]]},"properties":{"ISO_A3":"BWA","ADM0_A3":"BWA","ISO_A2":"BW","NAME":"Botswana","NAME_LONG":"Botswana","NAME_IT":"Botswana","ADMIN":"Botswana"}},
{"type":"Feature","geometry":{"type":"Polygon","coordinates":[[[19.01,44.87],[18.66,45.08],[15.79,45.18],[15.74,44.77],[16.71,43.78],[17.27,43.45],[17.59,42.94],[17.67,42.9],[18.44,42.56],[18.44,42.97],[19.19,43.53],[19.58,44.04],[19.15,44.3],[19.35,44.88],[19.01,44.87]]]},"properties":{"ISO_A3":"BIH","ADM0_A3":"BIH","ISO_A2":"BA","NAME":"Bosnia and Herz.","NAME_LONG":"Bosnia and Herzegovina","NAME_IT":"Bosnia ed Erzegovina","ADMIN":"Bosnia and Herzegovina"}},
{"type":"Feature","geometry":{"type":"Polygon","coordinates":[[[-69.51,-17.51],[-69.09,-18.05],[-68.97,-18.97],[-68.46,-19.43],[-68.7,-19.72],[-68.75,-20.46],[-68.2,-21.3],[-67.88,-22.82],[-67.19,-22.82],[-66.22,-21.8],[-65.77,-22.1],[-64.61,-22.23],[-64.33,-22.83],[-63.98,-22.07],[-62.84,-22],[-62.65,-22.23],[-62.28,-21.07],[-62.28,-20.56],[-61.76,-19.65],[-60.01,-19.3],[-59.09,-19.29],[-58.18,-19.82],[-58.16,-20.16],[-58.13,-19.74],[-57.57,-18.28],[-57.83,-17.51],[-58.4,-17.23],[-58.54,-16.33],[-60.18,-16.27],[-60.27,-15.09],[-60.51,-13.79],[-61.08,-13.49],[-61.79,-13.53],[-62.18,-13.13],[-62.77,-13],[-63.07,-12.67],[-64.42,-12.44],[-64.99,-11.98],[-65.32,-11.44],[-65.4,-9.71],[-66.73,-9.98],[-68.07,-10.7],[-68.4,-11.02],[-69.58,-10.95],[-68.69,-12.5],[-68.98,-12.88],[-69.07,-13.68],[-68.88,-14.2],[-69.37,-14.96],[-69.17,-15.24],[-69.42,-15.6],[-69.02,-16.64],[-69.62,-17.2],[-69.51,-17.51]]]},"properties":{"ISO_A3":"BOL","ADM0_A3":"BOL","ISO_A2":"BO","NAME":"Bolivia","NAME_LONG":"Bolivia","NAME_IT":"Bolivia","ADMIN":"Bolivia"}},
{"type":"Feature","geometry":{"type":"Polygon","coordinates":[[[91.63,27.76],[91.61,27.95],[90.35,28.08],[89.98,28.31],[89.54,28.11],[88.89,27.32],[88.86,26.96],[89.76,26.7],[90.35,26.89],[90.74,26.77],[92.07,26.91],[91.99,27.45],[91.63,27.76]]]},"properties":{"ISO_A3":"BTN","ADM0_A3":"BTN","ISO_A2":"BT","NAME":"Bhutan","NAME_LONG":"Bhutan","NAME_IT":"Bhutan","ADMIN":"Bhutan"}},
{"type":"Feature","geometry":{"type":"Polygon","coordinates":[[[1.62,6.22],[2.71,6.37],[2.69,7.87],[2.77,9.05],[3.04,9.08],[3.83,10.61],[3.49,11.4],[3.6,11.7],[2.88,12.37],[2.37,12.22],[2.39,11.9],[1.98,11.42],[1.43,11.45],[0.9,10.99],[0.78,10.36],[1.33,10],[1.6,9.05],[1.62,6.22]]]},"properties":{"ISO_A3":"BEN","ADM0_A3":"BEN","ISO_A2":"BJ","NAME":"Benin","NAME_LONG":"Benin","NAME_IT":"Benin","ADMIN":"Benin"}},
{"type":"Feature","geometry":{"type":"Polygon","coordinates":[[[-89.16,17.81],[-89.24,15.89],[-88.89,15.89],[-88.31,16.63],[-88.27,17.61],[-88.1,18.12],[-88.3,18.47],[-89.16,17.81]]]},"properties":{"ISO_A3":"BLZ","ADM0_A3":"BLZ","ISO_A2":"BZ","NAME":"Belize","NAME_LONG":"Belize","NAME_IT":"Belize","ADMIN":"Belize"}},
{"type":"Feature","geometry":{"type":"Polygon","coordinates":[[[4.23,51.39],[3.35,51.38],[2.52,51.1],[4.18,49.96],[4.86,50.14],[4.87,49.79],[5.79,49.54],[6.12,50.12],[5.99,50.75],[5.83,51.13],[4.5,51.47],[4.23,51.39]]]},"properties":{"ISO_A3":"BEL","ADM0_A3":"BEL","ISO_A2":"BE","NAME":"Belgium","NAME_LONG":"Belgium","NAME_IT":"Belgio","ADMIN":"Belgium"}},
{"type":"Feature","geometry":{"type":"Polygon","coordinates":[[[31.76,52.1],[31.42,53.2],[32.14,53.09],[32.7,53.34],[32.45,53.69],[31.75,53.81],[31.12,54.65],[30.91,55.57],[30.23,55.85],[28.15,56.14],[27.58,55.8],[26.59,55.67],[26.78,55.27],[25.86,54.92],[25.56,54.31],[24.77,53.97],[23.48,53.94],[23.84,52.66],[23.2,52.26],[23.6,52.1],[23.61,51.52],[24.36,51.87],[25.93,51.91],[27.27,51.61],[29.35,51.38],[30.53,51.6],[30.98,52.05],[31.76,52.1]]]},"properties":{"ISO_A3":"BLR","ADM0_A3":"BLR","ISO_A2":"BY","NAME":"Belarus","NAME_LONG":"Belarus","NAME_IT":"Bielorussia","ADMIN":"Belarus"}},
{"type":"Feature","geometry":{"type":"Polygon","coordinates":[[[-59.49,13.08],[-59.43,13.15],[-59.65,13.3],[-59.49,13.08]]]},"properties":{"ISO_A3":"BRB","ADM0_A3":"BRB","ISO_A2":"BB","NAME":"Barbados","NAME_LONG":"Barbados","NAME_IT":"Barbados","ADMIN":"Barbados"}},
{"type":"Feature","geometry":{"type":"MultiPolygon","coordinates":[[[[89.05,22.09],[89.35,21.72],[89.95,22.02],[90.23,21.83],[90.59,22.26],[90.44,22.75],[90.6,23.13],[90.95,22.6],[91.48,22.88],[92.32,20.79],[92.18,21.29],[92.63,21.31],[92.57,21.98],[92.25,23.68],[91.62,22.98],[91.32,23.1],[91.16,23.66],[91.37,24.09],[91.88,24.2],[92.25,24.9],[92.05,25.17],[90.44,25.16],[89.81,25.31],[89.82,25.94],[89.29,26.04],[89.02,26.41],[88.52,26.52],[88.08,25.89],[88.77,25.49],[88.02,24.63],[88.73,24.23],[88.74,23.44],[89.05,22.09]]],[[[90.78,22.09],[90.87,22.48],[90.5,22.84],[90.78,22.09]]]]},"properties":{"ISO_A3":"BGD","ADM0_A3":"BGD","ISO_A2":"BD","NAME":"Bangladesh","NAME_LONG":"Bangladesh","NAME_IT":"Bangladesh","ADMIN":"Bangladesh"}},
{"type":"Feature","geometry":{"type":"Polygon","coordinates":[[[50.61,25.88],[50.59,26.24],[50.47,25.97],[50.61,25.88]]]},"properties":{"ISO_A3":"BHR","ADM0_A3":"BHR","ISO_A2":"BH","NAME":"Bahrain","NAME_LONG":"Bahrain","NAME_IT":"Bahrein","ADMIN":"Bahrain"}},
{"type":"Feature","geometry":{"type":"MultiPolygon","coordinates":[[[[-77.66,24.25],[-78,24.22],[-77.57,23.74],[-77.66,24.25]]],[[[-77.23,25.9],[-77.07,26.53],[-77.21,26.49],[-77.23,25.9]]],[[[-77.74,24.71],[-77.98,25.08],[-78.44,24.63],[-78.04,24.29],[-77.74,24.71]]]]},"properties":{"ISO_A3":"BHS","ADM0_A3":"BHS","ISO_A2":"BS","NAME":"Bahamas","NAME_LONG":"Bahamas","NAME_IT":"Bahamas","ADMIN":"The Bahamas"}},
{"type":"Feature","geometry":{"type":"MultiPolygon","coordinates":[[[[44.82,39.65],[45.48,39.01],[46.11,38.88],[45.75,39.56],[44.77,39.7],[44.82,39.65]]],[[[46.43,41.89],[46.18,41.66],[46.67,41.29],[46.46,41.07],[45.28,41.45],[45,41.29],[45.59,40.85],[45.38,40.64],[45.96,40.23],[45.58,39.98],[46.2,39.59],[46.49,38.91],[47.77,39.65],[48.32,39.4],[48.02,38.82],[48.87,38.44],[49.55,40.19],[50.37,40.28],[49.23,41.03],[48.57,41.84],[47.86,41.21],[47.26,41.32],[46.43,41.89]]]]},"properties":{"ISO_A3":"AZE","ADM0_A3":"AZE","ISO_A2":"AZ","NAME":"Azerbaijan","NAME_LONG":"Azerbaijan","NAME_IT":"Azerbaigian","ADMIN":"Azerbaijan"}},
{"type":"Feature","geometry":{"type":"Polygon","coordinates":[[[9.53,47.27],[9.58,47.06],[10.45,46.86],[12.17,47.08],[12.39,46.7],[13.7,46.52],[14.5,46.42],[15.96,46.68],[16.09,46.86],[16.45,47.01],[16.55,47.75],[17.15,48.01],[16.95,48.6],[14.97,48.98],[14.69,48.6],[13.81,48.77],[12.81,48.16],[13.01,47.48],[12.21,47.72],[10.31,47.31],[9.52,47.52],[9.53,47.27]]]},"properties":{"ISO_A3":"AUT","ADM0_A3":"AUT","ISO_A2":"AT","NAME":"Austria","NAME_LONG":"Austria","NAME_IT":"Austria","ADMIN":"Austria"}},
{"type":"Feature","geometry":{"type":"MultiPolygon","coordinates":[[[[143.18,-11.95],[142.87,-11.82],[142.84,-11.31],[142.46,-10.71],[142.17,-10.95],[141.95,-11.9],[141.69,-12.35],[141.92,-12.8],[141.61,-12.94],[141.47,-13.8],[141.63,-15.06],[141.22,-16.65],[140.83,-17.41],[140.04,-17.7],[139.25,-17.33],[139.01,-16.9],[138.25,-16.72],[137.7,-16.23],[135.53,-15],[135.41,-14.76],[135.88,-14.15],[135.93,-13.3],[136.46,-13.23],[136.54,-12.78],[136.95,-12.35],[136.54,-11.96],[136.26,-12.43],[135.7,-12.15],[135.92,-11.83],[135.22,-12.22],[134.24,-12.01],[132.68,-11.51],[132.26,-11.2],[131.81,-11.27],[132.67,-11.65],[132.63,-12.04],[131.44,-12.28],[131.29,-12.07],[130.62,-12.43],[130.17,-12.96],[130.26,-13.3],[129.84,-13.57],[129.38,-14.39],[129.85,-14.83],[129.63,-15.14],[129.27,-14.87],[128.2,-14.75],[127.67,-14.2],[126.9,-13.74],[126.57,-14.16],[126.18,-14],[125.89,-14.62],[125.58,-14.48],[124.44,-15.49],[124.45,-16.34],[123.49,-16.49],[123.78,-16.87],[123.56,-17.52],[122.97,-16.44],[122.16,-17.31],[122.36,-18.04],[121.83,-18.48],[121.49,-19.11],[120.88,-19.67],[119.59,-20.04],[119.1,-20],[118.75,-20.26],[117.41,-20.72],[116.71,-20.65],[115.46,-21.49],[114.86,-21.74],[114.14,-22.48],[114.12,-21.83],[113.68,-22.64],[113.76,-23.42],[113.42,-24.44],[114.21,-25.85],[114.09,-26.39],[113.33,-26.42],[114.03,-27.35],[114.17,-28.08],[114.96,-29.43],[115.18,-30.81],[115.7,-31.69],[115.68,-33.19],[115.52,-33.53],[114.99,-33.52],[115.01,-34.26],[116.52,-34.99],[117.58,-35.1],[118.14,-34.99],[118.9,-34.48],[119.45,-34.37],[119.85,-33.97],[121.41,-33.83],[122.15,-33.99],[123.21,-33.99],[123.65,-33.84],[124.13,-33.13],[125.92,-32.3],[127.32,-32.26],[128.95,-31.7],[131.14,-31.5],[132.21,-32.01],[132.76,-31.96],[134.23,-32.55],[134.3,-33.17],[134.79,-33.33],[135.65,-34.94],[136.43,-34.03],[137.24,-33.63],[137.79,-32.82],[137.93,-33.58],[137.49,-34.16],[137.39,-34.91],[136.88,-35.24],[137.69,-35.14],[138.09,-34.17],[138.51,-35.02],[138.18,-35.61],[138.97,-35.58],[139.55,-36.1],[139.86,-36.66],[139.78,-37.25],[140.63,-38.03],[141.42,-38.36],[142.61,-38.45],[143.54,-38.82],[144.67,-38.21],[144.89,-37.9],[145.4,-38.54],[146.16,-38.87],[146.86,-38.66],[147.4,-38.22],[148.26,-37.83],[149.3,-37.8],[149.93,-37.53],[150.2,-35.83],[150.69,-35.18],[151.29,-33.58],[151.81,-32.9],[152.47,-32.44],[152.94,-31.43],[153.03,-30.56],[153.35,-29.29],[153.6,-28.85],[153.58,-28.24],[153.12,-27.19],[153.16,-25.96],[152.91,-25.43],[151.9,-24.2],[150.84,-23.46],[150.76,-22.58],[150.08,-22.16],[149.97,-22.55],[149.6,-22.26],[149.45,-21.58],[148.68,-20.58],[148.6,-20.15],[147.92,-19.87],[147.42,-19.38],[146.48,-19.08],[146.03,-18.27],[146.13,-17.64],[145.43,-16.41],[145.29,-14.94],[144.47,-14.23],[143.76,-14.35],[143.4,-12.64],[143.18,-11.95]]],[[[153.08,-25.75],[153.35,-25.06],[153.04,-25.19],[153.08,-25.75]]],[[[136.71,-13.8],[136.34,-14.21],[136.89,-14.29],[136.71,-13.8]]],[[[130.46,-11.68],[130.34,-11.34],[130.13,-11.82],[130.46,-11.68]]],[[[130.62,-11.38],[130.51,-11.62],[130.95,-11.93],[131.54,-11.44],[131.27,-11.19],[130.62,-11.38]]],[[[137.6,-35.74],[136.64,-35.75],[136.76,-36.03],[137.45,-36.07],[137.6,-35.74]]],[[[145.04,-40.79],[144.72,-40.67],[144.78,-41.42],[145.52,-42.35],[145.2,-42.23],[145.49,-42.93],[146.04,-43.55],[146.87,-43.61],[147.35,-42.93],[147.98,-43.16],[147.92,-42.57],[148.3,-42.04],[148.29,-40.95],[146.32,-41.16],[145.04,-40.79]]]]},"properties":{"ISO_A3":"AUS","ADM0_A3":"AUS","ISO_A2":"AU","NAME":"Australia","NAME_LONG":"Australia","NAME_IT":"Australia","ADMIN":"Australia"}},
{"type":"Feature","geometry":{"type":"Polygon","coordinates":[[[105.73,-10.49],[105.58,-10.51],[105.7,-10.56],[105.73,-10.49]]]},"properties":{"ISO_A3":"-99","ADM0_A3":"IOA","ISO_A2":"-99","NAME":"Indian Ocean Ter.","NAME_LONG":"Indian Ocean Territories","NAME_IT":"Australian Indian Ocean Territories","ADMIN":"Indian Ocean Territories"}},
{"type":"Feature","geometry":{"type":"Polygon","coordinates":[[[73.71,-53.14],[73.25,-52.98],[73.47,-53.18],[73.71,-53.14]]]},"properties":{"ISO_A3":"HMD","ADM0_A3":"HMD","ISO_A2":"HM","NAME":"Heard I. and McDonald Is.","NAME_LONG":"Heard I. and McDonald Islands","NAME_IT":"Isole Heard e McDonald","ADMIN":"Heard Island and McDonald Islands"}},
{"type":"Feature","geometry":{"type":"Polygon","coordinates":[[[167.94,-29.02],[167.92,-29.08],[167.99,-29.04],[167.94,-29.02]]]},"properties":{"ISO_A3":"NFK","ADM0_A3":"NFK","ISO_A2":"NF","NAME":"Norfolk Island","NAME_LONG":"Norfolk Island","NAME_IT":"Isola Norfolk","ADMIN":"Norfolk Island"}},
{"type":"Feature","geometry":{"type":"Polygon","coordinates":[[[123.59,-12.43],[123.57,-12.42],[123.6,-12.44],[123.59,-12.43]]]},"properties":{"ISO_A3":"-99","ADM0_A3":"ATC","ISO_A2":"-99","NAME":"Ashmore and Cartier Is.","NAME_LONG":"Ashmore and Cartier Islands","NAME_IT":"Isole Ashmore e Cartier","ADMIN":"Ashmore and Cartier Islands"}},
{"type":"Feature","geometry":{"type":"Polygon","coordinates":[[[44.77,39.7],[45.75,39.56],[46.11,38.88],[46.49,38.91],[46.2,39.59],[45.58,39.98],[45.96,40.23],[45.38,40.64],[45.59,40.85],[45,41.29],[43.44,41.11],[43.71,40.17],[44.77,39.7]]]},"properties":{"ISO_A3":"ARM","ADM0_A3":"ARM","ISO_A2":"AM","NAME":"Armenia","NAME_LONG":"Armenia","NAME_IT":"Armenia","ADMIN":"Armenia"}},
{"type":"Feature","geometry":{"type":"MultiPolygon","coordinates":[[[[-57.61,-30.19],[-56.48,-29.09],[-55.73,-28.2],[-54.83,-27.55],[-53.84,-27.12],[-53.67,-26.23],[-53.89,-25.67],[-54.62,-25.58],[-54.83,-26.65],[-55.43,-27.01],[-55.71,-27.41],[-56.44,-27.55],[-58.64,-27.2],[-57.59,-25.41],[-57.82,-25.14],[-59.37,-24.45],[-59.89,-24.09],[-60.84,-23.86],[-61.93,-23.06],[-62.65,-22.23],[-62.84,-22],[-63.98,-22.07],[-64.33,-22.83],[-64.61,-22.23],[-65.77,-22.1],[-66.22,-21.8],[-67.19,-22.82],[-67.01,-23],[-67.36,-24.03],[-68.25,-24.39],[-68.56,-24.84],[-68.6,-25.49],[-68.41,-26.15],[-68.58,-26.52],[-68.35,-27.03],[-68.85,-27.15],[-69.17,-27.92],[-69.66,-28.41],[-70.03,-29.32],[-69.96,-30.36],[-70.16,-30.44],[-70.59,-31.57],[-70.17,-32.47],[-70.02,-33.27],[-69.82,-33.28],[-69.85,-34.22],[-70.05,-34.3],[-70.47,-35.33],[-70.4,-36.06],[-71.06,-36.52],[-71.17,-37.76],[-70.95,-38.74],[-71.43,-38.99],[-71.93,-40.69],[-71.76,-42.1],[-72.12,-42.3],[-72.15,-42.99],[-71.78,-43.17],[-71.82,-44.38],[-71.21,-44.44],[-71.26,-44.76],[-71.96,-44.79],[-71.35,-45.23],[-71.75,-45.58],[-71.7,-46.58],[-71.9,-47.2],[-72.52,-47.88],[-72.35,-48.37],[-73.14,-49.3],[-73.46,-49.31],[-73.5,-50.13],[-73.15,-50.74],[-72.34,-50.68],[-72.41,-51.54],[-71.92,-51.99],[-69.96,-52.01],[-68.44,-52.36],[-69.2,-50.99],[-68.94,-50.38],[-67.78,-49.86],[-67.68,-49.25],[-67.03,-48.63],[-65.81,-47.94],[-66,-47.09],[-66.78,-47.01],[-67.56,-46.35],[-67.56,-45.97],[-66.94,-45.26],[-66.19,-44.96],[-65.64,-45.01],[-65.36,-44.48],[-65.28,-43.63],[-64.32,-42.97],[-65.03,-42.76],[-64.65,-42.53],[-64.13,-42.86],[-63.69,-42.81],[-63.8,-42.11],[-64.1,-42.4],[-65.06,-41.97],[-65.13,-40.88],[-64.85,-40.81],[-63.77,-41.15],[-62.4,-40.89],[-62.43,-40.36],[-62.05,-39.37],[-62.37,-38.85],[-61.6,-39],[-59.83,-38.84],[-58.18,-38.44],[-57.55,-38.09],[-56.67,-36.85],[-56.7,-36.43],[-57.26,-36.14],[-57.3,-35.19],[-58.28,-34.68],[-58.55,-33.66],[-58.42,-33.11],[-58.17,-32.96],[-58.2,-32.47],[-58.19,-31.92],[-57.61,-30.19]]],[[[-68.65,-54.85],[-66.51,-55.03],[-65.18,-54.68],[-66.24,-54.53],[-67.29,-54.05],[-68.49,-53.26],[-68.63,-52.65],[-68.65,-54.85]]]]},"properties":{"ISO_A3":"ARG","ADM0_A3":"ARG","ISO_A2":"AR","NAME":"Argentina","NAME_LONG":"Argentina","NAME_IT":"Argentina","ADMIN":"Argentina"}},
{"type":"Feature","geometry":{"type":"Polygon","coordinates":[[[-61.72,17.04],[-61.82,17.17],[-61.86,17.01],[-61.72,17.04]]]},"properties":{"ISO_A3":"ATG","ADM0_A3":"ATG","ISO_A2":"AG","NAME":"Antigua and Barb.","NAME_LONG":"Antigua and Barbuda","NAME_IT":"Antigua e Barbuda","ADMIN":"Antigua and Barbuda"}},
{"type":"Feature","geometry":{"type":"MultiPolygon","coordinates":[[[[23.97,-10.87],[23.83,-11.01],[22.56,-11.06],[22.28,-11.19],[22.27,-10.26],[21.86,-9.59],[21.9,-8.34],[21.75,-7.31],[20.61,-7.28],[20.6,-6.94],[19.53,-7.14],[19.34,-7.97],[18.65,-7.94],[17.54,-8.08],[16.98,-7.26],[16.72,-6.24],[16.32,-5.87],[13.07,-5.86],[12.3,-6.09],[13.38,-8.37],[13,-9.05],[13.21,-9.7],[13.85,-11.05],[13.79,-11.81],[13.42,-12.52],[12.98,-12.78],[12.55,-13.44],[11.97,-15.63],[11.75,-15.83],[11.74,-17.25],[12.55,-17.21],[13.1,-16.97],[13.94,-17.39],[16.53,-17.39],[18.4,-17.4],[19.08,-17.82],[21.42,-18],[23.38,-17.64],[22.15,-16.6],[21.98,-15.96],[21.98,-13],[23.96,-12.99],[23.97,-10.87]]],[[[13.07,-4.63],[12.88,-4.45],[12.38,-4.62],[12.02,-5],[12.21,-5.76],[12.5,-5.7],[12.45,-5.07],[13.07,-4.63]]]]},"properties":{"ISO_A3":"AGO","ADM0_A3":"AGO","ISO_A2":"AO","NAME":"Angola","NAME_LONG":"Angola","NAME_IT":"Angola","ADMIN":"Angola"}},
{"type":"Feature","geometry":{"type":"Polygon","coordinates":[[[1.71,42.5],[1.43,42.6],[1.49,42.43],[1.71,42.5]]]},"properties":{"ISO_A3":"AND","ADM0_A3":"AND","ISO_A2":"AD","NAME":"Andorra","NAME_LONG":"Andorra","NAME_IT":"Andorra","ADMIN":"Andorra"}},
{"type":"Feature","geometry":{"type":"Polygon","coordinates":[[[8.58,36.94],[7.91,36.86],[7.2,37.09],[6.49,37.09],[5.42,36.68],[4.76,36.9],[2.97,36.78],[2.59,36.6],[1.26,36.52],[0.05,35.9],[-0.92,35.67],[-1.91,35.09],[-2.22,35.1],[-1.8,34.75],[-1.68,33.32],[-1.07,32.47],[-1.28,32.09],[-2.45,32.13],[-3.83,31.66],[-3.62,31.07],[-4.97,30.47],[-5.45,29.96],[-7.09,29.63],[-8.66,28.72],[-8.68,27.66],[-8.68,27.29],[-6.24,25.85],[-4.82,25],[-3.26,23.98],[-1.29,22.7],[1.15,21.1],[1.17,20.82],[1.69,20.38],[3.2,19.79],[3.11,19.15],[3.4,18.99],[4.23,19.14],[5.84,19.48],[7.48,20.87],[9.38,21.99],[11.97,23.52],[11.54,24.29],[10.26,24.59],[10,25.33],[9.45,26.07],[9.86,26.55],[9.75,27.33],[9.92,27.79],[9.84,28.97],[9.31,30.12],[9.52,30.23],[9.04,32.07],[8.33,32.54],[7.73,33.27],[7.51,34.08],[8.25,34.73],[8.39,35.2],[8.21,36.5],[8.58,36.94]]]},"properties":{"ISO_A3":"DZA","ADM0_A3":"DZA","ISO_A2":"DZ","NAME":"Algeria","NAME_LONG":"Algeria","NAME_IT":"Algeria","ADMIN":"Algeria"}},
{"type":"Feature","geometry":{"type":"Polygon","coordinates":[[[19.34,41.87],[19.58,41.79],[19.34,40.62],[20,39.71],[20.38,39.8],[21.03,40.66],[20.96,40.85],[20.49,41.27],[20.57,41.87],[20.06,42.55],[19.65,42.63],[19.34,41.87]]]},"properties":{"ISO_A3":"ALB","ADM0_A3":"ALB","ISO_A2":"AL","NAME":"Albania","NAME_LONG":"Albania","NAME_IT":"Albania","ADMIN":"Albania"}},
{"type":"Feature","geometry":{"type":"Polygon","coordinates":[[[66.52,37.35],[65.77,37.57],[65.55,37.25],[64.82,37.13],[64.51,36.34],[63.11,35.82],[63.06,35.45],[62.31,35.17],[61.26,35.62],[60.89,34.32],[60.49,34.09],[60.51,33.64],[60.92,33.51],[60.56,33.14],[60.83,32.25],[60.82,31.5],[61.66,31.38],[61.78,30.83],[60.84,29.86],[62.48,29.41],[63.57,29.5],[64.1,29.39],[66.18,29.84],[66.4,30.91],[66.92,31.31],[68.16,31.8],[68.87,31.63],[69.28,31.94],[69.24,32.43],[69.5,33.02],[70.28,33.37],[69.87,33.9],[71.05,34.05],[70.97,34.53],[71.62,35.18],[71.19,36.04],[71.62,36.44],[72.62,36.83],[74.54,37.02],[74.89,37.23],[74.26,37.42],[73.75,37.23],[73.21,37.41],[71.73,36.68],[71.43,37.13],[71.55,37.93],[70.88,38.46],[70.21,37.92],[70.25,37.66],[69.49,37.55],[69.26,37.11],[68.96,37.33],[68.07,36.95],[67.76,37.17],[66.52,37.35]]]},"properties":{"ISO_A3":"AFG","ADM0_A3":"AFG","ISO_A2":"AF","NAME":"Afghanistan","NAME_LONG":"Afghanistan","NAME_IT":"Afghanistan","ADMIN":"Afghanistan"}},
{"type":"Feature","geometry":{"type":"Polygon","coordinates":[[[77.05,35.11],[77.8,35.5],[76.77,35.66],[77.05,35.11]]]},"properties":{"ISO_A3":"-99","ADM0_A3":"KAS","ISO_A2":"-99","NAME":"Siachen Glacier","NAME_LONG":"Siachen Glacier","NAME_IT":"ghiacciaio Siachen","ADMIN":"Siachen Glacier"}},
{"type":"Feature","geometry":{"type":"MultiPolygon","coordinates":[[[[-57.02,-63.37],[-57.39,-63.23],[-60.86,-64.07],[-61.63,-64.6],[-63.76,-65.03],[-63.8,-65.48],[-65.62,-66.14],[-65.85,-66.65],[-66.53,-66.74],[-66.47,-67.24],[-67.49,-67.11],[-67.49,-67.55],[-66.7,-67.53],[-67.37,-69.41],[-68.71,-69.43],[-67.89,-70.42],[-67.46,-71.53],[-66.83,-72.09],[-67.67,-72.83],[-68.82,-73.11],[-72.93,-73.45],[-74,-73.7],[-75.29,-73.64],[-77.05,-73.84],[-76.85,-73.46],[-78.41,-73.56],[-80.44,-72.94],[-82.18,-73.86],[-84.98,-73.5],[-85.8,-73.19],[-88.42,-73.23],[-89.13,-72.69],[-90.92,-73.32],[-92.24,-73.18],[-96.15,-73.31],[-98.01,-73.03],[-102.41,-72.99],[-102.68,-73.32],[-100.02,-73.4],[-98.9,-73.61],[-100.99,-73.76],[-102.41,-73.62],[-100.47,-74.87],[-98.56,-75.19],[-101.04,-75.42],[-101.71,-75.13],[-104.9,-75.12],[-106.62,-75.34],[-111.46,-75.13],[-110.31,-74.37],[-111.81,-74.27],[-111.7,-74.79],[-114.11,-74.98],[-113.51,-74.09],[-114.79,-73.99],[-115.11,-74.46],[-118.34,-74.38],[-119.68,-74.65],[-127.86,-74.72],[-129.79,-74.89],[-135.36,-74.69],[-136.55,-75.14],[-139.69,-75.21],[-141.22,-75.55],[-143.57,-75.56],[-146.38,-76.1],[-145.89,-76.42],[-148.32,-76.1],[-149.65,-76.37],[-147.34,-76.44],[-145.75,-76.75],[-145.68,-77.49],[-148.57,-77.11],[-148.16,-77.46],[-149.72,-77.8],[-151.72,-77.43],[-156.21,-77.11],[-158.21,-77.16],[-158.5,-77.78],[-157.27,-78.2],[-154.29,-78.26],[-156.47,-78.64],[-148.18,-79.78],[-150.58,-80.35],[-148.12,-80.9],[-156.53,-81.16],[-153.96,-81.7],[-153.01,-82.45],[-159.44,-83.54],[-164.45,-83.47],[-171.82,-82.85],[-174.07,-82.9],[-164.95,-83.81],[-163.57,-84.53],[-156.99,-84.81],[-156.46,-85.19],[-171.7,-84.54],[-180,-84.35],[-180,-85.06],[-180,-85.76],[-180,-86.47],[-180,-87.18],[-180,-87.88],[-180,-88.59],[-180,-89.29],[-180,-89.58],[-180,-90],[180,-90],[180,-84.35],[179.4,-84.21],[168.11,-83.36],[168.61,-83.07],[160.47,-81.34],[160.54,-80.42],[158.57,-80.42],[161.76,-78.54],[162.64,-78.9],[167.06,-78.52],[164.42,-77.88],[162.76,-76.75],[162.82,-75.85],[161.9,-75.4],[163.27,-74.43],[165.3,-74.59],[164.78,-74.03],[165.86,-73.59],[167.62,-73.34],[167.16,-73.15],[169.55,-73.05],[170.22,-71.95],[170.86,-71.87],[168.17,-71.18],[167.57,-70.81],[164.4,-70.51],[163.35,-70.62],[162.67,-70.3],[161.42,-70.83],[159.78,-69.52],[157.93,-69.18],[157.48,-69.31],[155.52,-69.02],[154.2,-68.42],[153.71,-68.73],[151.14,-68.76],[151.07,-68.38],[147.09,-68.37],[145.98,-67.62],[143.94,-67.79],[144.62,-67.14],[143.73,-66.88],[139.9,-66.72],[135.35,-66.13],[134.29,-66.48],[133.44,-66.08],[130.95,-66.19],[129.74,-66.47],[129.24,-67.04],[127.54,-67.05],[126.66,-66.5],[125.87,-66.36],[122.18,-66.86],[121.49,-67.09],[119.13,-67.37],[118.96,-67.14],[116.71,-67.05],[114.03,-67.44],[113.99,-67.21],[115.64,-66.77],[113.1,-65.8],[110.91,-66.08],[110.62,-66.52],[109.46,-66.91],[103.95,-65.99],[101.47,-65.95],[100.89,-66.36],[98.86,-66.67],[98.26,-66.47],[93.96,-66.69],[92.07,-66.51],[89.7,-66.82],[87.98,-66.79],[85.71,-67.16],[84.49,-67.11],[83.3,-67.6],[82.02,-67.69],[79.29,-68.12],[77.54,-69.17],[75.42,-69.89],[73.94,-69.74],[72.82,-70.1],[71.9,-70.71],[71.28,-71.62],[69.55,-72.37],[68.42,-72.52],[67.97,-73.09],[66.57,-73.21],[68.04,-71.39],[69.25,-70.43],[67.27,-70.27],[68.18,-69.84],[69.08,-69.87],[68.91,-69.37],[69.63,-69.23],[69.98,-68.46],[69.42,-67.74],[68.33,-67.89],[63.7,-67.51],[62.69,-67.65],[60.48,-67.39],[59.25,-67.48],[57.63,-67.01],[56.15,-67.26],[56.15,-66.63],[57.19,-66.61],[55.71,-66.08],[53.67,-65.86],[51.88,-66.02],[50.33,-66.44],[50.55,-67.19],[49.25,-66.94],[48.65,-67.79],[46.4,-67.62],[42.82,-68.12],[39.86,-68.97],[38.86,-70.01],[36.72,-69.65],[35.36,-69.68],[34.19,-68.7],[33.12,-68.69],[32.57,-69.07],[32.62,-70],[30,-70.3],[26.5,-71.02],[24.76,-70.89],[23.8,-70.4],[22.98,-70.81],[21.7,-70.26],[21.07,-70.84],[19.27,-70.9],[19.2,-70.29],[18.12,-70.54],[15.81,-70.32],[13.82,-70.34],[13.07,-70.05],[11.7,-70.77],[9.14,-70.18],[8.52,-70.47],[5.11,-70.66],[2.61,-70.9],[0.83,-71.2],[-0.54,-71.71],[-1.07,-71.27],[-6.12,-71.33],[-5.94,-70.71],[-7.87,-70.94],[-7.71,-71.55],[-8.65,-71.67],[-10.03,-71.13],[-10.97,-71.56],[-12.15,-71.61],[-10.96,-71.9],[-11.5,-72.41],[-14.32,-73.12],[-15.6,-73.1],[-16.52,-73.64],[-14.57,-73.94],[-15.67,-74.41],[-17.3,-74.33],[-18.75,-75.24],[-18.3,-75.43],[-24.27,-75.77],[-28.93,-76.37],[-32.06,-77.16],[-34.08,-77.43],[-36.18,-78.47],[-36.24,-78.77],[-32.99,-79.23],[-30.32,-79.16],[-29.95,-79.6],[-24.3,-79.77],[-24.24,-80.06],[-29.33,-80.17],[-35.33,-80.65],[-37.21,-81.06],[-38.77,-80.88],[-41.43,-81.3],[-43.67,-82.27],[-46.18,-82.51],[-46.26,-81.95],[-48.36,-81.89],[-53.99,-82.2],[-57.35,-82.84],[-59.52,-83.46],[-62.74,-82.53],[-60.86,-82.19],[-64.92,-82.37],[-65.92,-81.9],[-64.75,-81.52],[-71.02,-80.62],[-73.03,-80.92],[-75.24,-80.8],[-76.41,-80.09],[-76.5,-79.33],[-80.49,-79.32],[-83.26,-78.77],[-82.61,-78.41],[-80.29,-78.82],[-77.87,-78.75],[-77.43,-78.43],[-81.44,-77.89],[-80.6,-77.75],[-74.81,-78.18],[-72.85,-77.59],[-75.39,-77.47],[-77.19,-76.63],[-75.27,-76.58],[-71.8,-76.75],[-69.3,-76.35],[-63.36,-75.45],[-64.28,-75.29],[-62.24,-74.44],[-60.78,-74.24],[-62.01,-73.15],[-60.12,-73.28],[-61.04,-71.82],[-61.5,-70.49],[-62.45,-69.58],[-64.08,-68.77],[-65.24,-68.58],[-65.64,-68.13],[-65.5,-67.38],[-63.75,-66.28],[-62.7,-66.68],[-62.68,-66.24],[-61.03,-66.34],[-60.57,-65.98],[-61.84,-66.12],[-62.15,-65.33],[-59.96,-64.43],[-58.79,-64.52],[-59.05,-64.23],[-58.26,-63.76],[-57.02,-63.37]]],[[[-45.22,-78.81],[-43.81,-78.29],[-46.83,-77.79],[-49.08,-78.05],[-50.22,-78.61],[-50.34,-79.48],[-52.3,-80.14],[-53.39,-80.11],[-54.16,-80.87],[-43.53,-80.19],[-42.97,-79.48],[-43.72,-78.82],[-45.22,-78.81]]],[[[-59.73,-80.34],[-59.87,-79.78],[-61.63,-80.34],[-65.98,-80.38],[-64.27,-80.75],[-60.58,-80.95],[-59.73,-80.34]]],[[[-70.05,-69.19],[-70.42,-68.79],[-72.06,-69],[-71.85,-69.97],[-70.33,-70.16],[-71.05,-70.76],[-69.83,-70.91],[-72.21,-71.34],[-74.19,-71.38],[-75.35,-71.88],[-74,-72.17],[-72.26,-71.64],[-70.82,-71.91],[-72.62,-72.28],[-72.37,-72.67],[-69.21,-72.53],[-68.24,-71.82],[-68.34,-70.86],[-69.42,-69.58],[-70.05,-69.19]]],[[[-98.09,-71.91],[-100.08,-71.84],[-102.26,-72.14],[-98.41,-72.55],[-96.05,-72.58],[-95.61,-72.07],[-96.8,-72.26],[-98.09,-71.91]]],[[[-120.56,-73.76],[-123.11,-73.68],[-122.86,-74.34],[-121.06,-74.34],[-120.56,-73.76]]],[[[-126.33,-73.29],[-127.23,-73.71],[-124.87,-74.21],[-124.04,-73.88],[-126.33,-73.29]]],[[[-159.05,-79.81],[-159.68,-79.4],[-163.26,-78.72],[-164.23,-79.32],[-160.3,-79.84],[-159.05,-79.81]]],[[[167.08,-77.32],[167.39,-77.65],[169.35,-77.52],[167.08,-77.32]]],[[[-70.33,-79.68],[-66.73,-78.38],[-70.54,-78.88],[-71.78,-79.44],[-70.33,-79.68]]],[[[-63.18,-64.47],[-63.49,-64.26],[-64.27,-64.7],[-63.18,-64.47]]],[[[-67.99,-67.47],[-67.83,-66.62],[-69.08,-67.4],[-68.9,-67.74],[-67.99,-67.47]]],[[[-73.71,-70.64],[-76.5,-70.94],[-76.18,-71.13],[-74.21,-70.92],[-73.71,-70.64]]],[[[-74.99,-69.73],[-75.73,-70.1],[-74.85,-70.18],[-74.99,-69.73]]],[[[-74.35,-73.1],[-75.38,-72.82],[-75.9,-73.33],[-74.57,-73.61],[-74.35,-73.1]]],[[[-91.16,-73.18],[-90.81,-72.61],[-91.67,-72.62],[-91.16,-73.18]]],[[[-66.17,-80.08],[-66.01,-79.62],[-67.81,-79.55],[-66.17,-80.08]]],[[[-2.53,-70.77],[-3.54,-70.68],[-2.78,-71.17],[-2.53,-70.77]]]]},"properties":{"ISO_A3":"ATA","ADM0_A3":"ATA","ISO_A2":"AQ","NAME":"Antarctica","NAME_LONG":"Antarctica","NAME_IT":"Antartide","ADMIN":"Antarctica"}},
{"type":"Feature","geometry":{"type":"Polygon","coordinates":[[[-63.12,18.07],[-63.02,18.02],[-63.01,18.07],[-63.12,18.07]]]},"properties":{"ISO_A3":"SXM","ADM0_A3":"SXM","ISO_A2":"SX","NAME":"Sint Maarten","NAME_LONG":"Sint Maarten","NAME_IT":"Sint Maarten","ADMIN":"Sint Maarten"}},
{"type":"Feature","geometry":{"type":"Polygon","coordinates":[[[179.21,-8.52],[179.2,-8.47],[179.2,-8.53],[179.21,-8.52]]]},"properties":{"ISO_A3":"TUV","ADM0_A3":"TUV","ISO_A2":"TV","NAME":"Tuvalu","NAME_LONG":"Tuvalu","NAME_IT":"Tuvalu","ADMIN":"Tuvalu"}}
]}